"","ANO","NOME_MESO","NOME_MICRO","mean","indicador"
"1",2007,"Agreste Paraibano","Brejo Paraibano",71.4016177975998,"INDICADOR_62"
"2",2007,"Agreste Paraibano","Campina Grande",70.9369056766787,"INDICADOR_62"
"3",2007,"Agreste Paraibano","Curimataú Ocidental",69.7619378195757,"INDICADOR_62"
"4",2007,"Agreste Paraibano","Curimataú Oriental",70.7478569491109,"INDICADOR_62"
"5",2007,"Agreste Paraibano","Esperança",73.8100716981432,"INDICADOR_62"
"6",2007,"Agreste Paraibano","Guarabira",71.5351794890938,"INDICADOR_62"
"7",2007,"Agreste Paraibano","Itabaiana",70.8772488332609,"INDICADOR_62"
"8",2007,"Agreste Paraibano","Umbuzeiro",69.8919282871185,"INDICADOR_62"
"9",2007,"Borborema","Cariri Ocidental",64.1327868195229,"INDICADOR_62"
"10",2007,"Borborema","Cariri Oriental",63.166267868884,"INDICADOR_62"
"11",2007,"Borborema","Seridó Ocidental Paraibano",65.9237473911267,"INDICADOR_62"
"12",2007,"Borborema","Seridó Oriental Paraibano",66.4899606800515,"INDICADOR_62"
"13",2007,"Mata Paraibana","João Pessoa",71.0623710272121,"INDICADOR_62"
"14",2007,"Mata Paraibana","Litoral Norte",73.8357460879038,"INDICADOR_62"
"15",2007,"Mata Paraibana","Litoral Sul",63.6707750759753,"INDICADOR_62"
"16",2007,"Mata Paraibana","Sapé",68.7505855979512,"INDICADOR_62"
"17",2007,"Sertão Paraibano","Cajazeiras",66.1764762300519,"INDICADOR_62"
"18",2007,"Sertão Paraibano","Catolé do Rocha",68.5696022003036,"INDICADOR_62"
"19",2007,"Sertão Paraibano","Itaporanga",65.1041676716862,"INDICADOR_62"
"20",2007,"Sertão Paraibano","Patos",56.962473463186,"INDICADOR_62"
"21",2007,"Sertão Paraibano","Piancó",64.1827810693388,"INDICADOR_62"
"22",2007,"Sertão Paraibano","Serra do Teixeira",67.6720014382883,"INDICADOR_62"
"23",2007,"Sertão Paraibano","Sousa",63.4334010006549,"INDICADOR_62"
"24",2008,"Agreste Paraibano","Brejo Paraibano",71.5773353870556,"INDICADOR_62"
"25",2008,"Agreste Paraibano","Campina Grande",71.6054504492917,"INDICADOR_62"
"26",2008,"Agreste Paraibano","Curimataú Ocidental",69.6665978403251,"INDICADOR_62"
"27",2008,"Agreste Paraibano","Curimataú Oriental",67.3003092734154,"INDICADOR_62"
"28",2008,"Agreste Paraibano","Esperança",75.7233226515694,"INDICADOR_62"
"29",2008,"Agreste Paraibano","Guarabira",70.7338179214564,"INDICADOR_62"
"30",2008,"Agreste Paraibano","Itabaiana",69.2326962106893,"INDICADOR_62"
"31",2008,"Agreste Paraibano","Umbuzeiro",68.7685979382553,"INDICADOR_62"
"32",2008,"Borborema","Cariri Ocidental",60.4270254437577,"INDICADOR_62"
"33",2008,"Borborema","Cariri Oriental",57.1403477322073,"INDICADOR_62"
"34",2008,"Borborema","Seridó Ocidental Paraibano",65.4020508349554,"INDICADOR_62"
"35",2008,"Borborema","Seridó Oriental Paraibano",62.7277171993851,"INDICADOR_62"
"36",2008,"Mata Paraibana","João Pessoa",71.2757889493222,"INDICADOR_62"
"37",2008,"Mata Paraibana","Litoral Norte",70.084791168842,"INDICADOR_62"
"38",2008,"Mata Paraibana","Litoral Sul",66.5893099872849,"INDICADOR_62"
"39",2008,"Mata Paraibana","Sapé",63.280252219036,"INDICADOR_62"
"40",2008,"Sertão Paraibano","Cajazeiras",65.0871851512006,"INDICADOR_62"
"41",2008,"Sertão Paraibano","Catolé do Rocha",68.2059780279079,"INDICADOR_62"
"42",2008,"Sertão Paraibano","Itaporanga",63.553960267831,"INDICADOR_62"
"43",2008,"Sertão Paraibano","Patos",55.5369506249379,"INDICADOR_62"
"44",2008,"Sertão Paraibano","Piancó",60.0496553151437,"INDICADOR_62"
"45",2008,"Sertão Paraibano","Serra do Teixeira",64.1296563437727,"INDICADOR_62"
"46",2008,"Sertão Paraibano","Sousa",61.274285238307,"INDICADOR_62"
"47",2009,"Agreste Paraibano","Brejo Paraibano",74.9930336230558,"INDICADOR_62"
"48",2009,"Agreste Paraibano","Campina Grande",74.7993151736454,"INDICADOR_62"
"49",2009,"Agreste Paraibano","Curimataú Ocidental",70.5407047584501,"INDICADOR_62"
"50",2009,"Agreste Paraibano","Curimataú Oriental",73.4634938416601,"INDICADOR_62"
"51",2009,"Agreste Paraibano","Esperança",76.5822372444496,"INDICADOR_62"
"52",2009,"Agreste Paraibano","Guarabira",74.9144965609469,"INDICADOR_62"
"53",2009,"Agreste Paraibano","Itabaiana",70.0221863396635,"INDICADOR_62"
"54",2009,"Agreste Paraibano","Umbuzeiro",70.3162791031229,"INDICADOR_62"
"55",2009,"Borborema","Cariri Ocidental",64.955374835565,"INDICADOR_62"
"56",2009,"Borborema","Cariri Oriental",65.7398471818647,"INDICADOR_62"
"57",2009,"Borborema","Seridó Ocidental Paraibano",74.4203410847788,"INDICADOR_62"
"58",2009,"Borborema","Seridó Oriental Paraibano",68.4639367658246,"INDICADOR_62"
"59",2009,"Mata Paraibana","João Pessoa",74.0364373380861,"INDICADOR_62"
"60",2009,"Mata Paraibana","Litoral Norte",75.2680839043289,"INDICADOR_62"
"61",2009,"Mata Paraibana","Litoral Sul",68.6380811936086,"INDICADOR_62"
"62",2009,"Mata Paraibana","Sapé",70.756005988746,"INDICADOR_62"
"63",2009,"Sertão Paraibano","Cajazeiras",67.9962689543888,"INDICADOR_62"
"64",2009,"Sertão Paraibano","Catolé do Rocha",70.6218289380753,"INDICADOR_62"
"65",2009,"Sertão Paraibano","Itaporanga",70.5719768420817,"INDICADOR_62"
"66",2009,"Sertão Paraibano","Patos",62.0897288848168,"INDICADOR_62"
"67",2009,"Sertão Paraibano","Piancó",68.1566785703678,"INDICADOR_62"
"68",2009,"Sertão Paraibano","Serra do Teixeira",68.7224058212057,"INDICADOR_62"
"69",2009,"Sertão Paraibano","Sousa",68.5296602563252,"INDICADOR_62"
"70",2010,"Agreste Paraibano","Brejo Paraibano",76.7553098854062,"INDICADOR_62"
"71",2010,"Agreste Paraibano","Campina Grande",74.1052409793541,"INDICADOR_62"
"72",2010,"Agreste Paraibano","Curimataú Ocidental",68.6728987216193,"INDICADOR_62"
"73",2010,"Agreste Paraibano","Curimataú Oriental",71.1523400150713,"INDICADOR_62"
"74",2010,"Agreste Paraibano","Esperança",75.9144972696024,"INDICADOR_62"
"75",2010,"Agreste Paraibano","Guarabira",72.3980792984924,"INDICADOR_62"
"76",2010,"Agreste Paraibano","Itabaiana",68.0293090897972,"INDICADOR_62"
"77",2010,"Agreste Paraibano","Umbuzeiro",70.9227166896949,"INDICADOR_62"
"78",2010,"Borborema","Cariri Ocidental",67.7058554114064,"INDICADOR_62"
"79",2010,"Borborema","Cariri Oriental",62.2988701612373,"INDICADOR_62"
"80",2010,"Borborema","Seridó Ocidental Paraibano",70.562477304716,"INDICADOR_62"
"81",2010,"Borborema","Seridó Oriental Paraibano",69.043495475309,"INDICADOR_62"
"82",2010,"Mata Paraibana","João Pessoa",74.1349407259712,"INDICADOR_62"
"83",2010,"Mata Paraibana","Litoral Norte",71.8001313972209,"INDICADOR_62"
"84",2010,"Mata Paraibana","Litoral Sul",67.5582282705993,"INDICADOR_62"
"85",2010,"Mata Paraibana","Sapé",69.2741540235111,"INDICADOR_62"
"86",2010,"Sertão Paraibano","Cajazeiras",64.1697913524241,"INDICADOR_62"
"87",2010,"Sertão Paraibano","Catolé do Rocha",67.098278542712,"INDICADOR_62"
"88",2010,"Sertão Paraibano","Itaporanga",63.6114752274359,"INDICADOR_62"
"89",2010,"Sertão Paraibano","Patos",63.4643207968978,"INDICADOR_62"
"90",2010,"Sertão Paraibano","Piancó",68.4835412643896,"INDICADOR_62"
"91",2010,"Sertão Paraibano","Serra do Teixeira",70.3337704252251,"INDICADOR_62"
"92",2010,"Sertão Paraibano","Sousa",68.5416961105741,"INDICADOR_62"
"93",2011,"Agreste Paraibano","Brejo Paraibano",72.1992174512868,"INDICADOR_62"
"94",2011,"Agreste Paraibano","Campina Grande",71.3110475461823,"INDICADOR_62"
"95",2011,"Agreste Paraibano","Curimataú Ocidental",68.1007877619383,"INDICADOR_62"
"96",2011,"Agreste Paraibano","Curimataú Oriental",69.3555936551416,"INDICADOR_62"
"97",2011,"Agreste Paraibano","Esperança",72.1045887173128,"INDICADOR_62"
"98",2011,"Agreste Paraibano","Guarabira",72.8027299389611,"INDICADOR_62"
"99",2011,"Agreste Paraibano","Itabaiana",68.2594793411254,"INDICADOR_62"
"100",2011,"Agreste Paraibano","Umbuzeiro",71.1415699857106,"INDICADOR_62"
"101",2011,"Borborema","Cariri Ocidental",65.6231964071909,"INDICADOR_62"
"102",2011,"Borborema","Cariri Oriental",63.0873000711133,"INDICADOR_62"
"103",2011,"Borborema","Seridó Ocidental Paraibano",71.4558767951645,"INDICADOR_62"
"104",2011,"Borborema","Seridó Oriental Paraibano",67.2293654164734,"INDICADOR_62"
"105",2011,"Mata Paraibana","João Pessoa",75.2273802412042,"INDICADOR_62"
"106",2011,"Mata Paraibana","Litoral Norte",72.5096863032358,"INDICADOR_62"
"107",2011,"Mata Paraibana","Litoral Sul",67.819999429959,"INDICADOR_62"
"108",2011,"Mata Paraibana","Sapé",69.4044576158719,"INDICADOR_62"
"109",2011,"Sertão Paraibano","Cajazeiras",65.1282813991287,"INDICADOR_62"
"110",2011,"Sertão Paraibano","Catolé do Rocha",66.8152825572317,"INDICADOR_62"
"111",2011,"Sertão Paraibano","Itaporanga",70.4545479253316,"INDICADOR_62"
"112",2011,"Sertão Paraibano","Patos",65.0333771381122,"INDICADOR_62"
"113",2011,"Sertão Paraibano","Piancó",67.544589361284,"INDICADOR_62"
"114",2011,"Sertão Paraibano","Serra do Teixeira",71.8450289143035,"INDICADOR_62"
"115",2011,"Sertão Paraibano","Sousa",65.8660284149215,"INDICADOR_62"
"116",2007,"Agreste Paraibano","Brejo Paraibano",3.5375,"INDICADOR_89"
"117",2007,"Agreste Paraibano","Campina Grande",3.68333333333333,"INDICADOR_89"
"118",2007,"Agreste Paraibano","Curimataú Ocidental",3.81428571428571,"INDICADOR_89"
"119",2007,"Agreste Paraibano","Curimataú Oriental",3.52,"INDICADOR_89"
"120",2007,"Agreste Paraibano","Esperança",3.33333333333333,"INDICADOR_89"
"121",2007,"Agreste Paraibano","Guarabira",3.39230769230769,"INDICADOR_89"
"122",2007,"Agreste Paraibano","Itabaiana",3.32222222222222,"INDICADOR_89"
"123",2007,"Agreste Paraibano","Umbuzeiro",3.225,"INDICADOR_89"
"124",2007,"Borborema","Cariri Ocidental",3.4,"INDICADOR_89"
"125",2007,"Borborema","Cariri Oriental",3.54,"INDICADOR_89"
"126",2007,"Borborema","Seridó Ocidental Paraibano",4.1,"INDICADOR_89"
"127",2007,"Borborema","Seridó Oriental Paraibano",3.87142857142857,"INDICADOR_89"
"128",2007,"Mata Paraibana","João Pessoa",3.1,"INDICADOR_89"
"129",2007,"Mata Paraibana","Litoral Norte",2.92857142857143,"INDICADOR_89"
"130",2007,"Mata Paraibana","Litoral Sul",3.2,"INDICADOR_89"
"131",2007,"Mata Paraibana","Sapé",3.08571428571429,"INDICADOR_89"
"132",2007,"Sertão Paraibano","Cajazeiras",3.52,"INDICADOR_89"
"133",2007,"Sertão Paraibano","Catolé do Rocha",3.32222222222222,"INDICADOR_89"
"134",2007,"Sertão Paraibano","Itaporanga",3.4,"INDICADOR_89"
"135",2007,"Sertão Paraibano","Patos",3.5,"INDICADOR_89"
"136",2007,"Sertão Paraibano","Piancó",3.0625,"INDICADOR_89"
"137",2007,"Sertão Paraibano","Serra do Teixeira",3.18888888888889,"INDICADOR_89"
"138",2007,"Sertão Paraibano","Sousa",3.41,"INDICADOR_89"
"139",2009,"Agreste Paraibano","Brejo Paraibano",3.725,"INDICADOR_89"
"140",2009,"Agreste Paraibano","Campina Grande",3.91666666666667,"INDICADOR_89"
"141",2009,"Agreste Paraibano","Curimataú Ocidental",4.12857142857143,"INDICADOR_89"
"142",2009,"Agreste Paraibano","Curimataú Oriental",3.86,"INDICADOR_89"
"143",2009,"Agreste Paraibano","Esperança",4.05,"INDICADOR_89"
"144",2009,"Agreste Paraibano","Guarabira",3.29090909090909,"INDICADOR_89"
"145",2009,"Agreste Paraibano","Itabaiana",3.12857142857143,"INDICADOR_89"
"146",2009,"Agreste Paraibano","Umbuzeiro",3.16666666666667,"INDICADOR_89"
"147",2009,"Borborema","Cariri Ocidental",3.75,"INDICADOR_89"
"148",2009,"Borborema","Cariri Oriental",3.93333333333333,"INDICADOR_89"
"149",2009,"Borborema","Seridó Ocidental Paraibano",4.63333333333333,"INDICADOR_89"
"150",2009,"Borborema","Seridó Oriental Paraibano",4.03333333333333,"INDICADOR_89"
"151",2009,"Mata Paraibana","João Pessoa",3.46666666666667,"INDICADOR_89"
"152",2009,"Mata Paraibana","Litoral Norte",3.51428571428571,"INDICADOR_89"
"153",2009,"Mata Paraibana","Litoral Sul",3.1,"INDICADOR_89"
"154",2009,"Mata Paraibana","Sapé",3.18571428571429,"INDICADOR_89"
"155",2009,"Sertão Paraibano","Cajazeiras",3.67777777777778,"INDICADOR_89"
"156",2009,"Sertão Paraibano","Catolé do Rocha",3.5,"INDICADOR_89"
"157",2009,"Sertão Paraibano","Itaporanga",3.58333333333333,"INDICADOR_89"
"158",2009,"Sertão Paraibano","Patos",4.1,"INDICADOR_89"
"159",2009,"Sertão Paraibano","Piancó",3.01666666666667,"INDICADOR_89"
"160",2009,"Sertão Paraibano","Serra do Teixeira",3.775,"INDICADOR_89"
"161",2009,"Sertão Paraibano","Sousa",3.86666666666667,"INDICADOR_89"
"162",2011,"Agreste Paraibano","Brejo Paraibano",3.8,"INDICADOR_89"
"163",2011,"Agreste Paraibano","Campina Grande",4.38333333333333,"INDICADOR_89"
"164",2011,"Agreste Paraibano","Curimataú Ocidental",4.35,"INDICADOR_89"
"165",2011,"Agreste Paraibano","Curimataú Oriental",3.7,"INDICADOR_89"
"166",2011,"Agreste Paraibano","Esperança",3.7,"INDICADOR_89"
"167",2011,"Agreste Paraibano","Guarabira",3.72727272727273,"INDICADOR_89"
"168",2011,"Agreste Paraibano","Itabaiana",3.45714285714286,"INDICADOR_89"
"169",2011,"Agreste Paraibano","Umbuzeiro",4.03333333333333,"INDICADOR_89"
"170",2011,"Borborema","Cariri Ocidental",4.16666666666667,"INDICADOR_89"
"171",2011,"Borborema","Cariri Oriental",4.5,"INDICADOR_89"
"172",2011,"Borborema","Seridó Ocidental Paraibano",3.86666666666667,"INDICADOR_89"
"173",2011,"Borborema","Seridó Oriental Paraibano",3.85,"INDICADOR_89"
"174",2011,"Mata Paraibana","João Pessoa",3.7,"INDICADOR_89"
"175",2011,"Mata Paraibana","Litoral Norte",3.7,"INDICADOR_89"
"176",2011,"Mata Paraibana","Litoral Sul",3.475,"INDICADOR_89"
"177",2011,"Mata Paraibana","Sapé",3.54,"INDICADOR_89"
"178",2011,"Sertão Paraibano","Cajazeiras",3.87777777777778,"INDICADOR_89"
"179",2011,"Sertão Paraibano","Catolé do Rocha",4.0875,"INDICADOR_89"
"180",2011,"Sertão Paraibano","Itaporanga",4.07142857142857,"INDICADOR_89"
"181",2011,"Sertão Paraibano","Patos",4.2,"INDICADOR_89"
"182",2011,"Sertão Paraibano","Piancó",3.86,"INDICADOR_89"
"183",2011,"Sertão Paraibano","Serra do Teixeira",4.08571428571429,"INDICADOR_89"
"184",2011,"Sertão Paraibano","Sousa",4.3,"INDICADOR_89"
"185",2007,"Agreste Paraibano","Brejo Paraibano",2.5125,"INDICADOR_90"
"186",2007,"Agreste Paraibano","Campina Grande",2.7,"INDICADOR_90"
"187",2007,"Agreste Paraibano","Curimataú Ocidental",2.9875,"INDICADOR_90"
"188",2007,"Agreste Paraibano","Curimataú Oriental",2.64,"INDICADOR_90"
"189",2007,"Agreste Paraibano","Esperança",2.5,"INDICADOR_90"
"190",2007,"Agreste Paraibano","Guarabira",2.59230769230769,"INDICADOR_90"
"191",2007,"Agreste Paraibano","Itabaiana",2.8,"INDICADOR_90"
"192",2007,"Agreste Paraibano","Umbuzeiro",2.58,"INDICADOR_90"
"193",2007,"Borborema","Cariri Ocidental",2.8875,"INDICADOR_90"
"194",2007,"Borborema","Cariri Oriental",2.71,"INDICADOR_90"
"195",2007,"Borborema","Seridó Ocidental Paraibano",2.88,"INDICADOR_90"
"196",2007,"Borborema","Seridó Oriental Paraibano",3.05,"INDICADOR_90"
"197",2007,"Mata Paraibana","João Pessoa",2.56666666666667,"INDICADOR_90"
"198",2007,"Mata Paraibana","Litoral Norte",2.88,"INDICADOR_90"
"199",2007,"Mata Paraibana","Litoral Sul",2.53333333333333,"INDICADOR_90"
"200",2007,"Mata Paraibana","Sapé",2.75,"INDICADOR_90"
"201",2007,"Sertão Paraibano","Cajazeiras",2.99166666666667,"INDICADOR_90"
"202",2007,"Sertão Paraibano","Catolé do Rocha",2.44,"INDICADOR_90"
"203",2007,"Sertão Paraibano","Itaporanga",2.54,"INDICADOR_90"
"204",2007,"Sertão Paraibano","Patos",2.71666666666667,"INDICADOR_90"
"205",2007,"Sertão Paraibano","Piancó",2.725,"INDICADOR_90"
"206",2007,"Sertão Paraibano","Serra do Teixeira",2.85,"INDICADOR_90"
"207",2007,"Sertão Paraibano","Sousa",2.92857142857143,"INDICADOR_90"
"208",2009,"Agreste Paraibano","Brejo Paraibano",2.775,"INDICADOR_90"
"209",2009,"Agreste Paraibano","Campina Grande",2.6,"INDICADOR_90"
"210",2009,"Agreste Paraibano","Curimataú Ocidental",3.07142857142857,"INDICADOR_90"
"211",2009,"Agreste Paraibano","Curimataú Oriental",3.56,"INDICADOR_90"
"212",2009,"Agreste Paraibano","Esperança",2.6,"INDICADOR_90"
"213",2009,"Agreste Paraibano","Guarabira",2.83333333333333,"INDICADOR_90"
"214",2009,"Agreste Paraibano","Itabaiana",2.4125,"INDICADOR_90"
"215",2009,"Agreste Paraibano","Umbuzeiro",2.875,"INDICADOR_90"
"216",2009,"Borborema","Cariri Ocidental",3.26153846153846,"INDICADOR_90"
"217",2009,"Borborema","Cariri Oriental",2.65555555555556,"INDICADOR_90"
"218",2009,"Borborema","Seridó Ocidental Paraibano",3.2,"INDICADOR_90"
"219",2009,"Borborema","Seridó Oriental Paraibano",2.9,"INDICADOR_90"
"220",2009,"Mata Paraibana","João Pessoa",2.5,"INDICADOR_90"
"221",2009,"Mata Paraibana","Litoral Norte",2.84,"INDICADOR_90"
"222",2009,"Mata Paraibana","Litoral Sul",3.1,"INDICADOR_90"
"223",2009,"Mata Paraibana","Sapé",2.6125,"INDICADOR_90"
"224",2009,"Sertão Paraibano","Cajazeiras",3.08181818181818,"INDICADOR_90"
"225",2009,"Sertão Paraibano","Catolé do Rocha",2.77777777777778,"INDICADOR_90"
"226",2009,"Sertão Paraibano","Itaporanga",2.8,"INDICADOR_90"
"227",2009,"Sertão Paraibano","Patos",3.46666666666667,"INDICADOR_90"
"228",2009,"Sertão Paraibano","Piancó",2.675,"INDICADOR_90"
"229",2009,"Sertão Paraibano","Serra do Teixeira",2.95555555555556,"INDICADOR_90"
"230",2009,"Sertão Paraibano","Sousa",2.93636363636364,"INDICADOR_90"
"231",2011,"Agreste Paraibano","Brejo Paraibano",2.81428571428571,"INDICADOR_90"
"232",2011,"Agreste Paraibano","Campina Grande",2.72857142857143,"INDICADOR_90"
"233",2011,"Agreste Paraibano","Curimataú Ocidental",3.07142857142857,"INDICADOR_90"
"234",2011,"Agreste Paraibano","Curimataú Oriental",2.9,"INDICADOR_90"
"235",2011,"Agreste Paraibano","Esperança",3.1,"INDICADOR_90"
"236",2011,"Agreste Paraibano","Guarabira",2.7,"INDICADOR_90"
"237",2011,"Agreste Paraibano","Itabaiana",2.77142857142857,"INDICADOR_90"
"238",2011,"Agreste Paraibano","Umbuzeiro",2.85,"INDICADOR_90"
"239",2011,"Borborema","Cariri Ocidental",3.25,"INDICADOR_90"
"240",2011,"Borborema","Cariri Oriental",2.85,"INDICADOR_90"
"241",2011,"Borborema","Seridó Ocidental Paraibano",3.55,"INDICADOR_90"
"242",2011,"Borborema","Seridó Oriental Paraibano",2.66666666666667,"INDICADOR_90"
"243",2011,"Mata Paraibana","João Pessoa",2.71666666666667,"INDICADOR_90"
"244",2011,"Mata Paraibana","Litoral Norte",2.7,"INDICADOR_90"
"245",2011,"Mata Paraibana","Litoral Sul",2.8,"INDICADOR_90"
"246",2011,"Mata Paraibana","Sapé",2.66666666666667,"INDICADOR_90"
"247",2011,"Sertão Paraibano","Cajazeiras",2.875,"INDICADOR_90"
"248",2011,"Sertão Paraibano","Catolé do Rocha",2.95555555555556,"INDICADOR_90"
"249",2011,"Sertão Paraibano","Itaporanga",2.725,"INDICADOR_90"
"250",2011,"Sertão Paraibano","Patos",3.56666666666667,"INDICADOR_90"
"251",2011,"Sertão Paraibano","Piancó",3.01428571428571,"INDICADOR_90"
"252",2011,"Sertão Paraibano","Serra do Teixeira",3.11,"INDICADOR_90"
"253",2011,"Sertão Paraibano","Sousa",3,"INDICADOR_90"
"254",2010,"Agreste Paraibano","Brejo Paraibano",36.2698460997066,"INDICADOR_329"
"255",2010,"Agreste Paraibano","Campina Grande",24.1565199826225,"INDICADOR_329"
"256",2010,"Agreste Paraibano","Curimataú Ocidental",31.754932885867,"INDICADOR_329"
"257",2010,"Agreste Paraibano","Curimataú Oriental",38.9887809083114,"INDICADOR_329"
"258",2010,"Agreste Paraibano","Esperança",27.2102725319392,"INDICADOR_329"
"259",2010,"Agreste Paraibano","Guarabira",34.322550017398,"INDICADOR_329"
"260",2010,"Agreste Paraibano","Itabaiana",37.4929709031727,"INDICADOR_329"
"261",2010,"Agreste Paraibano","Umbuzeiro",37.9901142777449,"INDICADOR_329"
"262",2010,"Borborema","Cariri Ocidental",26.5326098963093,"INDICADOR_329"
"263",2010,"Borborema","Cariri Oriental",24.9282746588328,"INDICADOR_329"
"264",2010,"Borborema","Seridó Ocidental Paraibano",23.938242242535,"INDICADOR_329"
"265",2010,"Borborema","Seridó Oriental Paraibano",28.2108822505634,"INDICADOR_329"
"266",2010,"Mata Paraibana","João Pessoa",18.1280220617711,"INDICADOR_329"
"267",2010,"Mata Paraibana","Litoral Norte",36.1917150005772,"INDICADOR_329"
"268",2010,"Mata Paraibana","Litoral Sul",28.2668735075464,"INDICADOR_329"
"269",2010,"Mata Paraibana","Sapé",36.236384154183,"INDICADOR_329"
"270",2010,"Sertão Paraibano","Cajazeiras",29.351159979431,"INDICADOR_329"
"271",2010,"Sertão Paraibano","Catolé do Rocha",33.3290771915831,"INDICADOR_329"
"272",2010,"Sertão Paraibano","Itaporanga",33.3110086169137,"INDICADOR_329"
"273",2010,"Sertão Paraibano","Patos",29.3523425248143,"INDICADOR_329"
"274",2010,"Sertão Paraibano","Piancó",34.9588176592484,"INDICADOR_329"
"275",2010,"Sertão Paraibano","Serra do Teixeira",32.0368651423536,"INDICADOR_329"
"276",2010,"Sertão Paraibano","Sousa",33.0350679011201,"INDICADOR_329"
"277",2010,"Agreste Paraibano","Brejo Paraibano",91.4253729108915,"INDICADOR_333"
"278",2010,"Agreste Paraibano","Campina Grande",93.7644534131593,"INDICADOR_333"
"279",2010,"Agreste Paraibano","Curimataú Ocidental",92.5297673719546,"INDICADOR_333"
"280",2010,"Agreste Paraibano","Curimataú Oriental",90.7969120180392,"INDICADOR_333"
"281",2010,"Agreste Paraibano","Esperança",92.1327041962077,"INDICADOR_333"
"282",2010,"Agreste Paraibano","Guarabira",92.6554400475955,"INDICADOR_333"
"283",2010,"Agreste Paraibano","Itabaiana",92.1258019018928,"INDICADOR_333"
"284",2010,"Agreste Paraibano","Umbuzeiro",93.7952017169035,"INDICADOR_333"
"285",2010,"Borborema","Cariri Ocidental",92.7050635490831,"INDICADOR_333"
"286",2010,"Borborema","Cariri Oriental",92.6835804537957,"INDICADOR_333"
"287",2010,"Borborema","Seridó Ocidental Paraibano",93.0800269530803,"INDICADOR_333"
"288",2010,"Borborema","Seridó Oriental Paraibano",92.8993805324073,"INDICADOR_333"
"289",2010,"Mata Paraibana","João Pessoa",90.9653547939712,"INDICADOR_333"
"290",2010,"Mata Paraibana","Litoral Norte",93.0175725291133,"INDICADOR_333"
"291",2010,"Mata Paraibana","Litoral Sul",92.2647333732085,"INDICADOR_333"
"292",2010,"Mata Paraibana","Sapé",92.3719656805746,"INDICADOR_333"
"293",2010,"Sertão Paraibano","Cajazeiras",92.9401727211056,"INDICADOR_333"
"294",2010,"Sertão Paraibano","Catolé do Rocha",89.5669632676417,"INDICADOR_333"
"295",2010,"Sertão Paraibano","Itaporanga",89.5749526475397,"INDICADOR_333"
"296",2010,"Sertão Paraibano","Patos",91.0907912327373,"INDICADOR_333"
"297",2010,"Sertão Paraibano","Piancó",91.8953061757434,"INDICADOR_333"
"298",2010,"Sertão Paraibano","Serra do Teixeira",90.8125531754381,"INDICADOR_333"
"299",2010,"Sertão Paraibano","Sousa",90.0568410320379,"INDICADOR_333"
"300",2007,"Agreste Paraibano","Brejo Paraibano",15.5625,"INDICADOR_73"
"301",2007,"Agreste Paraibano","Campina Grande",14.5125,"INDICADOR_73"
"302",2007,"Agreste Paraibano","Curimataú Ocidental",7.62222222222222,"INDICADOR_73"
"303",2007,"Agreste Paraibano","Curimataú Oriental",10.6833333333333,"INDICADOR_73"
"304",2007,"Agreste Paraibano","Esperança",11.575,"INDICADOR_73"
"305",2007,"Agreste Paraibano","Guarabira",13.6785714285714,"INDICADOR_73"
"306",2007,"Agreste Paraibano","Itabaiana",13.7555555555556,"INDICADOR_73"
"307",2007,"Agreste Paraibano","Umbuzeiro",12.4,"INDICADOR_73"
"308",2007,"Borborema","Cariri Ocidental",9.40588235294118,"INDICADOR_73"
"309",2007,"Borborema","Cariri Oriental",10.775,"INDICADOR_73"
"310",2007,"Borborema","Seridó Ocidental Paraibano",4.81666666666667,"INDICADOR_73"
"311",2007,"Borborema","Seridó Oriental Paraibano",5.7625,"INDICADOR_73"
"312",2007,"Mata Paraibana","João Pessoa",15.5833333333333,"INDICADOR_73"
"313",2007,"Mata Paraibana","Litoral Norte",10.8181818181818,"INDICADOR_73"
"314",2007,"Mata Paraibana","Litoral Sul",10.925,"INDICADOR_73"
"315",2007,"Mata Paraibana","Sapé",14.3555555555556,"INDICADOR_73"
"316",2007,"Sertão Paraibano","Cajazeiras",12.5071428571429,"INDICADOR_73"
"317",2007,"Sertão Paraibano","Catolé do Rocha",15.1727272727273,"INDICADOR_73"
"318",2007,"Sertão Paraibano","Itaporanga",14.3181818181818,"INDICADOR_73"
"319",2007,"Sertão Paraibano","Patos",12.2375,"INDICADOR_73"
"320",2007,"Sertão Paraibano","Piancó",14.4444444444444,"INDICADOR_73"
"321",2007,"Sertão Paraibano","Serra do Teixeira",12.0818181818182,"INDICADOR_73"
"322",2007,"Sertão Paraibano","Sousa",12.2,"INDICADOR_73"
"323",2008,"Agreste Paraibano","Brejo Paraibano",11.425,"INDICADOR_73"
"324",2008,"Agreste Paraibano","Campina Grande",14.875,"INDICADOR_73"
"325",2008,"Agreste Paraibano","Curimataú Ocidental",6.74444444444444,"INDICADOR_73"
"326",2008,"Agreste Paraibano","Curimataú Oriental",12.7666666666667,"INDICADOR_73"
"327",2008,"Agreste Paraibano","Esperança",11.625,"INDICADOR_73"
"328",2008,"Agreste Paraibano","Guarabira",11.9571428571429,"INDICADOR_73"
"329",2008,"Agreste Paraibano","Itabaiana",13.1777777777778,"INDICADOR_73"
"330",2008,"Agreste Paraibano","Umbuzeiro",13.66,"INDICADOR_73"
"331",2008,"Borborema","Cariri Ocidental",9.1,"INDICADOR_73"
"332",2008,"Borborema","Cariri Oriental",13.8583333333333,"INDICADOR_73"
"333",2008,"Borborema","Seridó Ocidental Paraibano",4.66666666666667,"INDICADOR_73"
"334",2008,"Borborema","Seridó Oriental Paraibano",7.375,"INDICADOR_73"
"335",2008,"Mata Paraibana","João Pessoa",15.2333333333333,"INDICADOR_73"
"336",2008,"Mata Paraibana","Litoral Norte",10.1545454545455,"INDICADOR_73"
"337",2008,"Mata Paraibana","Litoral Sul",9.55,"INDICADOR_73"
"338",2008,"Mata Paraibana","Sapé",13.3,"INDICADOR_73"
"339",2008,"Sertão Paraibano","Cajazeiras",12.8857142857143,"INDICADOR_73"
"340",2008,"Sertão Paraibano","Catolé do Rocha",14.2363636363636,"INDICADOR_73"
"341",2008,"Sertão Paraibano","Itaporanga",13.7090909090909,"INDICADOR_73"
"342",2008,"Sertão Paraibano","Patos",10.125,"INDICADOR_73"
"343",2008,"Sertão Paraibano","Piancó",8.78888888888889,"INDICADOR_73"
"344",2008,"Sertão Paraibano","Serra do Teixeira",12.8090909090909,"INDICADOR_73"
"345",2008,"Sertão Paraibano","Sousa",14.3235294117647,"INDICADOR_73"
"346",2009,"Agreste Paraibano","Brejo Paraibano",12.3625,"INDICADOR_73"
"347",2009,"Agreste Paraibano","Campina Grande",12.825,"INDICADOR_73"
"348",2009,"Agreste Paraibano","Curimataú Ocidental",6.32222222222222,"INDICADOR_73"
"349",2009,"Agreste Paraibano","Curimataú Oriental",7.3,"INDICADOR_73"
"350",2009,"Agreste Paraibano","Esperança",11.475,"INDICADOR_73"
"351",2009,"Agreste Paraibano","Guarabira",12.1857142857143,"INDICADOR_73"
"352",2009,"Agreste Paraibano","Itabaiana",14.7222222222222,"INDICADOR_73"
"353",2009,"Agreste Paraibano","Umbuzeiro",13.62,"INDICADOR_73"
"354",2009,"Borborema","Cariri Ocidental",9.0625,"INDICADOR_73"
"355",2009,"Borborema","Cariri Oriental",14.2833333333333,"INDICADOR_73"
"356",2009,"Borborema","Seridó Ocidental Paraibano",2.71666666666667,"INDICADOR_73"
"357",2009,"Borborema","Seridó Oriental Paraibano",6.0625,"INDICADOR_73"
"358",2009,"Mata Paraibana","João Pessoa",14.8333333333333,"INDICADOR_73"
"359",2009,"Mata Paraibana","Litoral Norte",9.92727272727273,"INDICADOR_73"
"360",2009,"Mata Paraibana","Litoral Sul",6.3,"INDICADOR_73"
"361",2009,"Mata Paraibana","Sapé",12.7555555555556,"INDICADOR_73"
"362",2009,"Sertão Paraibano","Cajazeiras",11.3857142857143,"INDICADOR_73"
"363",2009,"Sertão Paraibano","Catolé do Rocha",11.2727272727273,"INDICADOR_73"
"364",2009,"Sertão Paraibano","Itaporanga",12.1181818181818,"INDICADOR_73"
"365",2009,"Sertão Paraibano","Patos",6.35,"INDICADOR_73"
"366",2009,"Sertão Paraibano","Piancó",10.4666666666667,"INDICADOR_73"
"367",2009,"Sertão Paraibano","Serra do Teixeira",11.6090909090909,"INDICADOR_73"
"368",2009,"Sertão Paraibano","Sousa",12.4,"INDICADOR_73"
"369",2010,"Agreste Paraibano","Brejo Paraibano",12.1375,"INDICADOR_73"
"370",2010,"Agreste Paraibano","Campina Grande",14.1375,"INDICADOR_73"
"371",2010,"Agreste Paraibano","Curimataú Ocidental",5.77777777777778,"INDICADOR_73"
"372",2010,"Agreste Paraibano","Curimataú Oriental",6.53333333333333,"INDICADOR_73"
"373",2010,"Agreste Paraibano","Esperança",9.6,"INDICADOR_73"
"374",2010,"Agreste Paraibano","Guarabira",9.56428571428571,"INDICADOR_73"
"375",2010,"Agreste Paraibano","Itabaiana",10.9333333333333,"INDICADOR_73"
"376",2010,"Agreste Paraibano","Umbuzeiro",14.56,"INDICADOR_73"
"377",2010,"Borborema","Cariri Ocidental",10.19375,"INDICADOR_73"
"378",2010,"Borborema","Cariri Oriental",12.6666666666667,"INDICADOR_73"
"379",2010,"Borborema","Seridó Ocidental Paraibano",2.53333333333333,"INDICADOR_73"
"380",2010,"Borborema","Seridó Oriental Paraibano",6.3875,"INDICADOR_73"
"381",2010,"Mata Paraibana","João Pessoa",14.1333333333333,"INDICADOR_73"
"382",2010,"Mata Paraibana","Litoral Norte",10.5181818181818,"INDICADOR_73"
"383",2010,"Mata Paraibana","Litoral Sul",7.85,"INDICADOR_73"
"384",2010,"Mata Paraibana","Sapé",13.3888888888889,"INDICADOR_73"
"385",2010,"Sertão Paraibano","Cajazeiras",9.93846153846154,"INDICADOR_73"
"386",2010,"Sertão Paraibano","Catolé do Rocha",12.0272727272727,"INDICADOR_73"
"387",2010,"Sertão Paraibano","Itaporanga",15.3363636363636,"INDICADOR_73"
"388",2010,"Sertão Paraibano","Patos",6.75,"INDICADOR_73"
"389",2010,"Sertão Paraibano","Piancó",13.3111111111111,"INDICADOR_73"
"390",2010,"Sertão Paraibano","Serra do Teixeira",9.35454545454546,"INDICADOR_73"
"391",2010,"Sertão Paraibano","Sousa",10.7333333333333,"INDICADOR_73"
"392",2011,"Agreste Paraibano","Brejo Paraibano",10.9875,"INDICADOR_73"
"393",2011,"Agreste Paraibano","Campina Grande",10.9,"INDICADOR_73"
"394",2011,"Agreste Paraibano","Curimataú Ocidental",5.875,"INDICADOR_73"
"395",2011,"Agreste Paraibano","Curimataú Oriental",5.5,"INDICADOR_73"
"396",2011,"Agreste Paraibano","Esperança",9.35,"INDICADOR_73"
"397",2011,"Agreste Paraibano","Guarabira",11.7142857142857,"INDICADOR_73"
"398",2011,"Agreste Paraibano","Itabaiana",11.4666666666667,"INDICADOR_73"
"399",2011,"Agreste Paraibano","Umbuzeiro",11.12,"INDICADOR_73"
"400",2011,"Borborema","Cariri Ocidental",7.8375,"INDICADOR_73"
"401",2011,"Borborema","Cariri Oriental",14.625,"INDICADOR_73"
"402",2011,"Borborema","Seridó Ocidental Paraibano",4.35,"INDICADOR_73"
"403",2011,"Borborema","Seridó Oriental Paraibano",5.05,"INDICADOR_73"
"404",2011,"Mata Paraibana","João Pessoa",13.0666666666667,"INDICADOR_73"
"405",2011,"Mata Paraibana","Litoral Norte",9.57272727272727,"INDICADOR_73"
"406",2011,"Mata Paraibana","Litoral Sul",7.475,"INDICADOR_73"
"407",2011,"Mata Paraibana","Sapé",12.4666666666667,"INDICADOR_73"
"408",2011,"Sertão Paraibano","Cajazeiras",9.14615384615385,"INDICADOR_73"
"409",2011,"Sertão Paraibano","Catolé do Rocha",9.72727272727273,"INDICADOR_73"
"410",2011,"Sertão Paraibano","Itaporanga",12.0909090909091,"INDICADOR_73"
"411",2011,"Sertão Paraibano","Patos",5.26,"INDICADOR_73"
"412",2011,"Sertão Paraibano","Piancó",11.4444444444444,"INDICADOR_73"
"413",2011,"Sertão Paraibano","Serra do Teixeira",8.52727272727273,"INDICADOR_73"
"414",2011,"Sertão Paraibano","Sousa",10.9133333333333,"INDICADOR_73"
"415",2007,"Agreste Paraibano","Brejo Paraibano",19.375,"INDICADOR_74"
"416",2007,"Agreste Paraibano","Campina Grande",17.9125,"INDICADOR_74"
"417",2007,"Agreste Paraibano","Curimataú Ocidental",18.57,"INDICADOR_74"
"418",2007,"Agreste Paraibano","Curimataú Oriental",18.3714285714286,"INDICADOR_74"
"419",2007,"Agreste Paraibano","Esperança",17.575,"INDICADOR_74"
"420",2007,"Agreste Paraibano","Guarabira",15.7142857142857,"INDICADOR_74"
"421",2007,"Agreste Paraibano","Itabaiana",13.8666666666667,"INDICADOR_74"
"422",2007,"Agreste Paraibano","Umbuzeiro",17.06,"INDICADOR_74"
"423",2007,"Borborema","Cariri Ocidental",11.3823529411765,"INDICADOR_74"
"424",2007,"Borborema","Cariri Oriental",17.3416666666667,"INDICADOR_74"
"425",2007,"Borborema","Seridó Ocidental Paraibano",10.5666666666667,"INDICADOR_74"
"426",2007,"Borborema","Seridó Oriental Paraibano",18.3555555555556,"INDICADOR_74"
"427",2007,"Mata Paraibana","João Pessoa",24.3,"INDICADOR_74"
"428",2007,"Mata Paraibana","Litoral Norte",16.0625,"INDICADOR_74"
"429",2007,"Mata Paraibana","Litoral Sul",22.175,"INDICADOR_74"
"430",2007,"Mata Paraibana","Sapé",14.9888888888889,"INDICADOR_74"
"431",2007,"Sertão Paraibano","Cajazeiras",17.3,"INDICADOR_74"
"432",2007,"Sertão Paraibano","Catolé do Rocha",17.77,"INDICADOR_74"
"433",2007,"Sertão Paraibano","Itaporanga",15.2272727272727,"INDICADOR_74"
"434",2007,"Sertão Paraibano","Patos",14.525,"INDICADOR_74"
"435",2007,"Sertão Paraibano","Piancó",18.4444444444444,"INDICADOR_74"
"436",2007,"Sertão Paraibano","Serra do Teixeira",16.1727272727273,"INDICADOR_74"
"437",2007,"Sertão Paraibano","Sousa",14.8529411764706,"INDICADOR_74"
"438",2008,"Agreste Paraibano","Brejo Paraibano",17.1,"INDICADOR_74"
"439",2008,"Agreste Paraibano","Campina Grande",20.75,"INDICADOR_74"
"440",2008,"Agreste Paraibano","Curimataú Ocidental",14.52,"INDICADOR_74"
"441",2008,"Agreste Paraibano","Curimataú Oriental",19.7428571428571,"INDICADOR_74"
"442",2008,"Agreste Paraibano","Esperança",15.3,"INDICADOR_74"
"443",2008,"Agreste Paraibano","Guarabira",16.7714285714286,"INDICADOR_74"
"444",2008,"Agreste Paraibano","Itabaiana",17.9444444444444,"INDICADOR_74"
"445",2008,"Agreste Paraibano","Umbuzeiro",18.82,"INDICADOR_74"
"446",2008,"Borborema","Cariri Ocidental",14.2705882352941,"INDICADOR_74"
"447",2008,"Borborema","Cariri Oriental",13,"INDICADOR_74"
"448",2008,"Borborema","Seridó Ocidental Paraibano",11.0833333333333,"INDICADOR_74"
"449",2008,"Borborema","Seridó Oriental Paraibano",23.8111111111111,"INDICADOR_74"
"450",2008,"Mata Paraibana","João Pessoa",24.3833333333333,"INDICADOR_74"
"451",2008,"Mata Paraibana","Litoral Norte",13.94,"INDICADOR_74"
"452",2008,"Mata Paraibana","Litoral Sul",22,"INDICADOR_74"
"453",2008,"Mata Paraibana","Sapé",17.4222222222222,"INDICADOR_74"
"454",2008,"Sertão Paraibano","Cajazeiras",19.5933333333333,"INDICADOR_74"
"455",2008,"Sertão Paraibano","Catolé do Rocha",17.4,"INDICADOR_74"
"456",2008,"Sertão Paraibano","Itaporanga",13.6818181818182,"INDICADOR_74"
"457",2008,"Sertão Paraibano","Patos",18.7555555555556,"INDICADOR_74"
"458",2008,"Sertão Paraibano","Piancó",9.61111111111111,"INDICADOR_74"
"459",2008,"Sertão Paraibano","Serra do Teixeira",18.8909090909091,"INDICADOR_74"
"460",2008,"Sertão Paraibano","Sousa",15.7941176470588,"INDICADOR_74"
"461",2009,"Agreste Paraibano","Brejo Paraibano",22.625,"INDICADOR_74"
"462",2009,"Agreste Paraibano","Campina Grande",18.275,"INDICADOR_74"
"463",2009,"Agreste Paraibano","Curimataú Ocidental",16.86,"INDICADOR_74"
"464",2009,"Agreste Paraibano","Curimataú Oriental",18.8857142857143,"INDICADOR_74"
"465",2009,"Agreste Paraibano","Esperança",17.825,"INDICADOR_74"
"466",2009,"Agreste Paraibano","Guarabira",17.1214285714286,"INDICADOR_74"
"467",2009,"Agreste Paraibano","Itabaiana",20.7666666666667,"INDICADOR_74"
"468",2009,"Agreste Paraibano","Umbuzeiro",13.32,"INDICADOR_74"
"469",2009,"Borborema","Cariri Ocidental",13.6764705882353,"INDICADOR_74"
"470",2009,"Borborema","Cariri Oriental",18.55,"INDICADOR_74"
"471",2009,"Borborema","Seridó Ocidental Paraibano",8.01666666666667,"INDICADOR_74"
"472",2009,"Borborema","Seridó Oriental Paraibano",21.1333333333333,"INDICADOR_74"
"473",2009,"Mata Paraibana","João Pessoa",22.4666666666667,"INDICADOR_74"
"474",2009,"Mata Paraibana","Litoral Norte",17.34,"INDICADOR_74"
"475",2009,"Mata Paraibana","Litoral Sul",14.725,"INDICADOR_74"
"476",2009,"Mata Paraibana","Sapé",18.3777777777778,"INDICADOR_74"
"477",2009,"Sertão Paraibano","Cajazeiras",18.8733333333333,"INDICADOR_74"
"478",2009,"Sertão Paraibano","Catolé do Rocha",18.6090909090909,"INDICADOR_74"
"479",2009,"Sertão Paraibano","Itaporanga",20.9727272727273,"INDICADOR_74"
"480",2009,"Sertão Paraibano","Patos",14.9777777777778,"INDICADOR_74"
"481",2009,"Sertão Paraibano","Piancó",19.1,"INDICADOR_74"
"482",2009,"Sertão Paraibano","Serra do Teixeira",19.9363636363636,"INDICADOR_74"
"483",2009,"Sertão Paraibano","Sousa",16.7294117647059,"INDICADOR_74"
"484",2010,"Agreste Paraibano","Brejo Paraibano",18.55,"INDICADOR_74"
"485",2010,"Agreste Paraibano","Campina Grande",20.125,"INDICADOR_74"
"486",2010,"Agreste Paraibano","Curimataú Ocidental",15.04,"INDICADOR_74"
"487",2010,"Agreste Paraibano","Curimataú Oriental",19.2,"INDICADOR_74"
"488",2010,"Agreste Paraibano","Esperança",17.3,"INDICADOR_74"
"489",2010,"Agreste Paraibano","Guarabira",18.1928571428571,"INDICADOR_74"
"490",2010,"Agreste Paraibano","Itabaiana",17.8777777777778,"INDICADOR_74"
"491",2010,"Agreste Paraibano","Umbuzeiro",16.98,"INDICADOR_74"
"492",2010,"Borborema","Cariri Ocidental",12.7058823529412,"INDICADOR_74"
"493",2010,"Borborema","Cariri Oriental",14.6583333333333,"INDICADOR_74"
"494",2010,"Borborema","Seridó Ocidental Paraibano",9.13333333333333,"INDICADOR_74"
"495",2010,"Borborema","Seridó Oriental Paraibano",22.6222222222222,"INDICADOR_74"
"496",2010,"Mata Paraibana","João Pessoa",22.9333333333333,"INDICADOR_74"
"497",2010,"Mata Paraibana","Litoral Norte",16.78,"INDICADOR_74"
"498",2010,"Mata Paraibana","Litoral Sul",17.175,"INDICADOR_74"
"499",2010,"Mata Paraibana","Sapé",18.4888888888889,"INDICADOR_74"
"500",2010,"Sertão Paraibano","Cajazeiras",17.2666666666667,"INDICADOR_74"
"501",2010,"Sertão Paraibano","Catolé do Rocha",19.8636363636364,"INDICADOR_74"
"502",2010,"Sertão Paraibano","Itaporanga",19.2181818181818,"INDICADOR_74"
"503",2010,"Sertão Paraibano","Patos",6.77777777777778,"INDICADOR_74"
"504",2010,"Sertão Paraibano","Piancó",20.2222222222222,"INDICADOR_74"
"505",2010,"Sertão Paraibano","Serra do Teixeira",16.6,"INDICADOR_74"
"506",2010,"Sertão Paraibano","Sousa",15.6705882352941,"INDICADOR_74"
"507",2011,"Agreste Paraibano","Brejo Paraibano",16.7625,"INDICADOR_74"
"508",2011,"Agreste Paraibano","Campina Grande",14.6625,"INDICADOR_74"
"509",2011,"Agreste Paraibano","Curimataú Ocidental",15.18,"INDICADOR_74"
"510",2011,"Agreste Paraibano","Curimataú Oriental",20.6,"INDICADOR_74"
"511",2011,"Agreste Paraibano","Esperança",16.825,"INDICADOR_74"
"512",2011,"Agreste Paraibano","Guarabira",17.5428571428571,"INDICADOR_74"
"513",2011,"Agreste Paraibano","Itabaiana",16.9444444444444,"INDICADOR_74"
"514",2011,"Agreste Paraibano","Umbuzeiro",21.68,"INDICADOR_74"
"515",2011,"Borborema","Cariri Ocidental",12.1294117647059,"INDICADOR_74"
"516",2011,"Borborema","Cariri Oriental",15.375,"INDICADOR_74"
"517",2011,"Borborema","Seridó Ocidental Paraibano",11.35,"INDICADOR_74"
"518",2011,"Borborema","Seridó Oriental Paraibano",19.1777777777778,"INDICADOR_74"
"519",2011,"Mata Paraibana","João Pessoa",26.2833333333333,"INDICADOR_74"
"520",2011,"Mata Paraibana","Litoral Norte",18.74,"INDICADOR_74"
"521",2011,"Mata Paraibana","Litoral Sul",15.8,"INDICADOR_74"
"522",2011,"Mata Paraibana","Sapé",15.7888888888889,"INDICADOR_74"
"523",2011,"Sertão Paraibano","Cajazeiras",15.2933333333333,"INDICADOR_74"
"524",2011,"Sertão Paraibano","Catolé do Rocha",15.3909090909091,"INDICADOR_74"
"525",2011,"Sertão Paraibano","Itaporanga",17.4090909090909,"INDICADOR_74"
"526",2011,"Sertão Paraibano","Patos",8.84444444444444,"INDICADOR_74"
"527",2011,"Sertão Paraibano","Piancó",18.7666666666667,"INDICADOR_74"
"528",2011,"Sertão Paraibano","Serra do Teixeira",14.3181818181818,"INDICADOR_74"
"529",2011,"Sertão Paraibano","Sousa",14.3529411764706,"INDICADOR_74"
"530",2007,"Agreste Paraibano","Brejo Paraibano",69.3375,"INDICADOR_80"
"531",2007,"Agreste Paraibano","Campina Grande",72.4625,"INDICADOR_80"
"532",2007,"Agreste Paraibano","Curimataú Ocidental",77.6111111111111,"INDICADOR_80"
"533",2007,"Agreste Paraibano","Curimataú Oriental",79.2333333333333,"INDICADOR_80"
"534",2007,"Agreste Paraibano","Esperança",72.375,"INDICADOR_80"
"535",2007,"Agreste Paraibano","Guarabira",75.7,"INDICADOR_80"
"536",2007,"Agreste Paraibano","Itabaiana",77.0888888888889,"INDICADOR_80"
"537",2007,"Agreste Paraibano","Umbuzeiro",73.22,"INDICADOR_80"
"538",2007,"Borborema","Cariri Ocidental",76.6117647058824,"INDICADOR_80"
"539",2007,"Borborema","Cariri Oriental",78.6583333333333,"INDICADOR_80"
"540",2007,"Borborema","Seridó Ocidental Paraibano",82.1666666666667,"INDICADOR_80"
"541",2007,"Borborema","Seridó Oriental Paraibano",83.35,"INDICADOR_80"
"542",2007,"Mata Paraibana","João Pessoa",69.35,"INDICADOR_80"
"543",2007,"Mata Paraibana","Litoral Norte",70.9,"INDICADOR_80"
"544",2007,"Mata Paraibana","Litoral Sul",76,"INDICADOR_80"
"545",2007,"Mata Paraibana","Sapé",73.3666666666667,"INDICADOR_80"
"546",2007,"Sertão Paraibano","Cajazeiras",75.7071428571429,"INDICADOR_80"
"547",2007,"Sertão Paraibano","Catolé do Rocha",69.1818181818182,"INDICADOR_80"
"548",2007,"Sertão Paraibano","Itaporanga",74.0181818181818,"INDICADOR_80"
"549",2007,"Sertão Paraibano","Patos",73.125,"INDICADOR_80"
"550",2007,"Sertão Paraibano","Piancó",73.1111111111111,"INDICADOR_80"
"551",2007,"Sertão Paraibano","Serra do Teixeira",71.6363636363636,"INDICADOR_80"
"552",2007,"Sertão Paraibano","Sousa",76.1588235294118,"INDICADOR_80"
"553",2008,"Agreste Paraibano","Brejo Paraibano",70.8375,"INDICADOR_80"
"554",2008,"Agreste Paraibano","Campina Grande",70.7625,"INDICADOR_80"
"555",2008,"Agreste Paraibano","Curimataú Ocidental",79.4444444444444,"INDICADOR_80"
"556",2008,"Agreste Paraibano","Curimataú Oriental",75.65,"INDICADOR_80"
"557",2008,"Agreste Paraibano","Esperança",73.2,"INDICADOR_80"
"558",2008,"Agreste Paraibano","Guarabira",76.2214285714286,"INDICADOR_80"
"559",2008,"Agreste Paraibano","Itabaiana",76.6666666666667,"INDICADOR_80"
"560",2008,"Agreste Paraibano","Umbuzeiro",72.66,"INDICADOR_80"
"561",2008,"Borborema","Cariri Ocidental",77.2235294117647,"INDICADOR_80"
"562",2008,"Borborema","Cariri Oriental",75.5,"INDICADOR_80"
"563",2008,"Borborema","Seridó Ocidental Paraibano",83.5166666666667,"INDICADOR_80"
"564",2008,"Borborema","Seridó Oriental Paraibano",80.775,"INDICADOR_80"
"565",2008,"Mata Paraibana","João Pessoa",68.5666666666667,"INDICADOR_80"
"566",2008,"Mata Paraibana","Litoral Norte",74.7090909090909,"INDICADOR_80"
"567",2008,"Mata Paraibana","Litoral Sul",75.475,"INDICADOR_80"
"568",2008,"Mata Paraibana","Sapé",72.6888888888889,"INDICADOR_80"
"569",2008,"Sertão Paraibano","Cajazeiras",74.6428571428571,"INDICADOR_80"
"570",2008,"Sertão Paraibano","Catolé do Rocha",73.1454545454545,"INDICADOR_80"
"571",2008,"Sertão Paraibano","Itaporanga",76.5181818181818,"INDICADOR_80"
"572",2008,"Sertão Paraibano","Patos",73.925,"INDICADOR_80"
"573",2008,"Sertão Paraibano","Piancó",79.2444444444444,"INDICADOR_80"
"574",2008,"Sertão Paraibano","Serra do Teixeira",70.8727272727273,"INDICADOR_80"
"575",2008,"Sertão Paraibano","Sousa",73.1294117647059,"INDICADOR_80"
"576",2009,"Agreste Paraibano","Brejo Paraibano",71.7375,"INDICADOR_80"
"577",2009,"Agreste Paraibano","Campina Grande",74.1875,"INDICADOR_80"
"578",2009,"Agreste Paraibano","Curimataú Ocidental",79.9111111111111,"INDICADOR_80"
"579",2009,"Agreste Paraibano","Curimataú Oriental",82.4833333333333,"INDICADOR_80"
"580",2009,"Agreste Paraibano","Esperança",75.075,"INDICADOR_80"
"581",2009,"Agreste Paraibano","Guarabira",73.7,"INDICADOR_80"
"582",2009,"Agreste Paraibano","Itabaiana",70.1111111111111,"INDICADOR_80"
"583",2009,"Agreste Paraibano","Umbuzeiro",73.14,"INDICADOR_80"
"584",2009,"Borborema","Cariri Ocidental",77.925,"INDICADOR_80"
"585",2009,"Borborema","Cariri Oriental",75.0333333333333,"INDICADOR_80"
"586",2009,"Borborema","Seridó Ocidental Paraibano",87.75,"INDICADOR_80"
"587",2009,"Borborema","Seridó Oriental Paraibano",81.0625,"INDICADOR_80"
"588",2009,"Mata Paraibana","João Pessoa",67.45,"INDICADOR_80"
"589",2009,"Mata Paraibana","Litoral Norte",76.6090909090909,"INDICADOR_80"
"590",2009,"Mata Paraibana","Litoral Sul",79.125,"INDICADOR_80"
"591",2009,"Mata Paraibana","Sapé",73.5444444444444,"INDICADOR_80"
"592",2009,"Sertão Paraibano","Cajazeiras",75.2785714285714,"INDICADOR_80"
"593",2009,"Sertão Paraibano","Catolé do Rocha",73.9909090909091,"INDICADOR_80"
"594",2009,"Sertão Paraibano","Itaporanga",78.3272727272727,"INDICADOR_80"
"595",2009,"Sertão Paraibano","Patos",86.975,"INDICADOR_80"
"596",2009,"Sertão Paraibano","Piancó",75.6555555555556,"INDICADOR_80"
"597",2009,"Sertão Paraibano","Serra do Teixeira",74.6727272727273,"INDICADOR_80"
"598",2009,"Sertão Paraibano","Sousa",75.80625,"INDICADOR_80"
"599",2010,"Agreste Paraibano","Brejo Paraibano",69.95,"INDICADOR_80"
"600",2010,"Agreste Paraibano","Campina Grande",69.1375,"INDICADOR_80"
"601",2010,"Agreste Paraibano","Curimataú Ocidental",78.5888888888889,"INDICADOR_80"
"602",2010,"Agreste Paraibano","Curimataú Oriental",82.95,"INDICADOR_80"
"603",2010,"Agreste Paraibano","Esperança",74.525,"INDICADOR_80"
"604",2010,"Agreste Paraibano","Guarabira",73.4357142857143,"INDICADOR_80"
"605",2010,"Agreste Paraibano","Itabaiana",74.0666666666667,"INDICADOR_80"
"606",2010,"Agreste Paraibano","Umbuzeiro",73.2,"INDICADOR_80"
"607",2010,"Borborema","Cariri Ocidental",76.20625,"INDICADOR_80"
"608",2010,"Borborema","Cariri Oriental",76.3583333333333,"INDICADOR_80"
"609",2010,"Borborema","Seridó Ocidental Paraibano",83.3666666666667,"INDICADOR_80"
"610",2010,"Borborema","Seridó Oriental Paraibano",77.225,"INDICADOR_80"
"611",2010,"Mata Paraibana","João Pessoa",69.4833333333333,"INDICADOR_80"
"612",2010,"Mata Paraibana","Litoral Norte",74.4818181818182,"INDICADOR_80"
"613",2010,"Mata Paraibana","Litoral Sul",74.65,"INDICADOR_80"
"614",2010,"Mata Paraibana","Sapé",69.4777777777778,"INDICADOR_80"
"615",2010,"Sertão Paraibano","Cajazeiras",76,"INDICADOR_80"
"616",2010,"Sertão Paraibano","Catolé do Rocha",73.7909090909091,"INDICADOR_80"
"617",2010,"Sertão Paraibano","Itaporanga",74.8545454545455,"INDICADOR_80"
"618",2010,"Sertão Paraibano","Patos",81.025,"INDICADOR_80"
"619",2010,"Sertão Paraibano","Piancó",71.5555555555556,"INDICADOR_80"
"620",2010,"Sertão Paraibano","Serra do Teixeira",75.1818181818182,"INDICADOR_80"
"621",2010,"Sertão Paraibano","Sousa",78.2333333333333,"INDICADOR_80"
"622",2011,"Agreste Paraibano","Brejo Paraibano",75.4125,"INDICADOR_80"
"623",2011,"Agreste Paraibano","Campina Grande",74.1125,"INDICADOR_80"
"624",2011,"Agreste Paraibano","Curimataú Ocidental",79.5875,"INDICADOR_80"
"625",2011,"Agreste Paraibano","Curimataú Oriental",84.6,"INDICADOR_80"
"626",2011,"Agreste Paraibano","Esperança",73.1,"INDICADOR_80"
"627",2011,"Agreste Paraibano","Guarabira",78.7,"INDICADOR_80"
"628",2011,"Agreste Paraibano","Itabaiana",75.5888888888889,"INDICADOR_80"
"629",2011,"Agreste Paraibano","Umbuzeiro",73.08,"INDICADOR_80"
"630",2011,"Borborema","Cariri Ocidental",78.1625,"INDICADOR_80"
"631",2011,"Borborema","Cariri Oriental",76.6833333333333,"INDICADOR_80"
"632",2011,"Borborema","Seridó Ocidental Paraibano",87.6833333333333,"INDICADOR_80"
"633",2011,"Borborema","Seridó Oriental Paraibano",80.65,"INDICADOR_80"
"634",2011,"Mata Paraibana","João Pessoa",73.4166666666667,"INDICADOR_80"
"635",2011,"Mata Paraibana","Litoral Norte",77.0454545454545,"INDICADOR_80"
"636",2011,"Mata Paraibana","Litoral Sul",78.275,"INDICADOR_80"
"637",2011,"Mata Paraibana","Sapé",74.5555555555556,"INDICADOR_80"
"638",2011,"Sertão Paraibano","Cajazeiras",78.7,"INDICADOR_80"
"639",2011,"Sertão Paraibano","Catolé do Rocha",78.8454545454545,"INDICADOR_80"
"640",2011,"Sertão Paraibano","Itaporanga",82.4909090909091,"INDICADOR_80"
"641",2011,"Sertão Paraibano","Patos",85.3,"INDICADOR_80"
"642",2011,"Sertão Paraibano","Piancó",78.6444444444444,"INDICADOR_80"
"643",2011,"Sertão Paraibano","Serra do Teixeira",78.9636363636364,"INDICADOR_80"
"644",2011,"Sertão Paraibano","Sousa",79.5133333333333,"INDICADOR_80"
"645",2007,"Agreste Paraibano","Brejo Paraibano",73.35,"INDICADOR_81"
"646",2007,"Agreste Paraibano","Campina Grande",74.175,"INDICADOR_81"
"647",2007,"Agreste Paraibano","Curimataú Ocidental",71.07,"INDICADOR_81"
"648",2007,"Agreste Paraibano","Curimataú Oriental",75.9571428571429,"INDICADOR_81"
"649",2007,"Agreste Paraibano","Esperança",75.125,"INDICADOR_81"
"650",2007,"Agreste Paraibano","Guarabira",80.9571428571429,"INDICADOR_81"
"651",2007,"Agreste Paraibano","Itabaiana",79.9777777777778,"INDICADOR_81"
"652",2007,"Agreste Paraibano","Umbuzeiro",73.5,"INDICADOR_81"
"653",2007,"Borborema","Cariri Ocidental",81.3941176470588,"INDICADOR_81"
"654",2007,"Borborema","Cariri Oriental",76.1166666666667,"INDICADOR_81"
"655",2007,"Borborema","Seridó Ocidental Paraibano",79.6333333333333,"INDICADOR_81"
"656",2007,"Borborema","Seridó Oriental Paraibano",74.4888888888889,"INDICADOR_81"
"657",2007,"Mata Paraibana","João Pessoa",69.0666666666667,"INDICADOR_81"
"658",2007,"Mata Paraibana","Litoral Norte",78.4125,"INDICADOR_81"
"659",2007,"Mata Paraibana","Litoral Sul",72.725,"INDICADOR_81"
"660",2007,"Mata Paraibana","Sapé",80,"INDICADOR_81"
"661",2007,"Sertão Paraibano","Cajazeiras",77.3533333333333,"INDICADOR_81"
"662",2007,"Sertão Paraibano","Catolé do Rocha",77.96,"INDICADOR_81"
"663",2007,"Sertão Paraibano","Itaporanga",78.1909090909091,"INDICADOR_81"
"664",2007,"Sertão Paraibano","Patos",76.025,"INDICADOR_81"
"665",2007,"Sertão Paraibano","Piancó",77.6666666666667,"INDICADOR_81"
"666",2007,"Sertão Paraibano","Serra do Teixeira",75.8454545454545,"INDICADOR_81"
"667",2007,"Sertão Paraibano","Sousa",78.4058823529412,"INDICADOR_81"
"668",2008,"Agreste Paraibano","Brejo Paraibano",75.125,"INDICADOR_81"
"669",2008,"Agreste Paraibano","Campina Grande",68.7875,"INDICADOR_81"
"670",2008,"Agreste Paraibano","Curimataú Ocidental",75.4,"INDICADOR_81"
"671",2008,"Agreste Paraibano","Curimataú Oriental",74.6714285714286,"INDICADOR_81"
"672",2008,"Agreste Paraibano","Esperança",73.85,"INDICADOR_81"
"673",2008,"Agreste Paraibano","Guarabira",80.2357142857143,"INDICADOR_81"
"674",2008,"Agreste Paraibano","Itabaiana",77.1,"INDICADOR_81"
"675",2008,"Agreste Paraibano","Umbuzeiro",73.64,"INDICADOR_81"
"676",2008,"Borborema","Cariri Ocidental",78.4941176470588,"INDICADOR_81"
"677",2008,"Borborema","Cariri Oriental",79.8083333333333,"INDICADOR_81"
"678",2008,"Borborema","Seridó Ocidental Paraibano",77.4,"INDICADOR_81"
"679",2008,"Borborema","Seridó Oriental Paraibano",68.7333333333333,"INDICADOR_81"
"680",2008,"Mata Paraibana","João Pessoa",64.9666666666667,"INDICADOR_81"
"681",2008,"Mata Paraibana","Litoral Norte",81.31,"INDICADOR_81"
"682",2008,"Mata Paraibana","Litoral Sul",69.5,"INDICADOR_81"
"683",2008,"Mata Paraibana","Sapé",76.8777777777778,"INDICADOR_81"
"684",2008,"Sertão Paraibano","Cajazeiras",75.08,"INDICADOR_81"
"685",2008,"Sertão Paraibano","Catolé do Rocha",77.6181818181818,"INDICADOR_81"
"686",2008,"Sertão Paraibano","Itaporanga",77.4909090909091,"INDICADOR_81"
"687",2008,"Sertão Paraibano","Patos",72.7888888888889,"INDICADOR_81"
"688",2008,"Sertão Paraibano","Piancó",86.8666666666667,"INDICADOR_81"
"689",2008,"Sertão Paraibano","Serra do Teixeira",72.4727272727273,"INDICADOR_81"
"690",2008,"Sertão Paraibano","Sousa",75.6882352941176,"INDICADOR_81"
"691",2009,"Agreste Paraibano","Brejo Paraibano",70.925,"INDICADOR_81"
"692",2009,"Agreste Paraibano","Campina Grande",72.35,"INDICADOR_81"
"693",2009,"Agreste Paraibano","Curimataú Ocidental",77,"INDICADOR_81"
"694",2009,"Agreste Paraibano","Curimataú Oriental",77.3,"INDICADOR_81"
"695",2009,"Agreste Paraibano","Esperança",75.525,"INDICADOR_81"
"696",2009,"Agreste Paraibano","Guarabira",78.05,"INDICADOR_81"
"697",2009,"Agreste Paraibano","Itabaiana",71.5888888888889,"INDICADOR_81"
"698",2009,"Agreste Paraibano","Umbuzeiro",82.08,"INDICADOR_81"
"699",2009,"Borborema","Cariri Ocidental",81.7588235294118,"INDICADOR_81"
"700",2009,"Borborema","Cariri Oriental",76.2166666666667,"INDICADOR_81"
"701",2009,"Borborema","Seridó Ocidental Paraibano",85.9166666666667,"INDICADOR_81"
"702",2009,"Borborema","Seridó Oriental Paraibano",67.1,"INDICADOR_81"
"703",2009,"Mata Paraibana","João Pessoa",65.3833333333333,"INDICADOR_81"
"704",2009,"Mata Paraibana","Litoral Norte",80.4,"INDICADOR_81"
"705",2009,"Mata Paraibana","Litoral Sul",79.275,"INDICADOR_81"
"706",2009,"Mata Paraibana","Sapé",75.8444444444444,"INDICADOR_81"
"707",2009,"Sertão Paraibano","Cajazeiras",74.6933333333333,"INDICADOR_81"
"708",2009,"Sertão Paraibano","Catolé do Rocha",75.0727272727273,"INDICADOR_81"
"709",2009,"Sertão Paraibano","Itaporanga",72.4181818181818,"INDICADOR_81"
"710",2009,"Sertão Paraibano","Patos",82,"INDICADOR_81"
"711",2009,"Sertão Paraibano","Piancó",71.2444444444444,"INDICADOR_81"
"712",2009,"Sertão Paraibano","Serra do Teixeira",73.0272727272727,"INDICADOR_81"
"713",2009,"Sertão Paraibano","Sousa",77.5470588235294,"INDICADOR_81"
"714",2010,"Agreste Paraibano","Brejo Paraibano",75.3,"INDICADOR_81"
"715",2010,"Agreste Paraibano","Campina Grande",68.1875,"INDICADOR_81"
"716",2010,"Agreste Paraibano","Curimataú Ocidental",73.85,"INDICADOR_81"
"717",2010,"Agreste Paraibano","Curimataú Oriental",75.6714285714286,"INDICADOR_81"
"718",2010,"Agreste Paraibano","Esperança",73.35,"INDICADOR_81"
"719",2010,"Agreste Paraibano","Guarabira",75.8357142857143,"INDICADOR_81"
"720",2010,"Agreste Paraibano","Itabaiana",75.3222222222222,"INDICADOR_81"
"721",2010,"Agreste Paraibano","Umbuzeiro",77.68,"INDICADOR_81"
"722",2010,"Borborema","Cariri Ocidental",79.7529411764706,"INDICADOR_81"
"723",2010,"Borborema","Cariri Oriental",79.9166666666667,"INDICADOR_81"
"724",2010,"Borborema","Seridó Ocidental Paraibano",85.9333333333333,"INDICADOR_81"
"725",2010,"Borborema","Seridó Oriental Paraibano",68.9111111111111,"INDICADOR_81"
"726",2010,"Mata Paraibana","João Pessoa",66.4833333333333,"INDICADOR_81"
"727",2010,"Mata Paraibana","Litoral Norte",79.96,"INDICADOR_81"
"728",2010,"Mata Paraibana","Litoral Sul",76.775,"INDICADOR_81"
"729",2010,"Mata Paraibana","Sapé",72.9555555555555,"INDICADOR_81"
"730",2010,"Sertão Paraibano","Cajazeiras",77.2733333333333,"INDICADOR_81"
"731",2010,"Sertão Paraibano","Catolé do Rocha",75.4181818181818,"INDICADOR_81"
"732",2010,"Sertão Paraibano","Itaporanga",75.5636363636364,"INDICADOR_81"
"733",2010,"Sertão Paraibano","Patos",87.5777777777778,"INDICADOR_81"
"734",2010,"Sertão Paraibano","Piancó",72.4444444444444,"INDICADOR_81"
"735",2010,"Sertão Paraibano","Serra do Teixeira",74.3090909090909,"INDICADOR_81"
"736",2010,"Sertão Paraibano","Sousa",76.5411764705882,"INDICADOR_81"
"737",2011,"Agreste Paraibano","Brejo Paraibano",76.3625,"INDICADOR_81"
"738",2011,"Agreste Paraibano","Campina Grande",74.325,"INDICADOR_81"
"739",2011,"Agreste Paraibano","Curimataú Ocidental",74.83,"INDICADOR_81"
"740",2011,"Agreste Paraibano","Curimataú Oriental",72.2285714285714,"INDICADOR_81"
"741",2011,"Agreste Paraibano","Esperança",73.7,"INDICADOR_81"
"742",2011,"Agreste Paraibano","Guarabira",79.1142857142857,"INDICADOR_81"
"743",2011,"Agreste Paraibano","Itabaiana",74.9888888888889,"INDICADOR_81"
"744",2011,"Agreste Paraibano","Umbuzeiro",73.86,"INDICADOR_81"
"745",2011,"Borborema","Cariri Ocidental",80.8058823529412,"INDICADOR_81"
"746",2011,"Borborema","Cariri Oriental",80.0833333333333,"INDICADOR_81"
"747",2011,"Borborema","Seridó Ocidental Paraibano",82.5666666666667,"INDICADOR_81"
"748",2011,"Borborema","Seridó Oriental Paraibano",72.8888888888889,"INDICADOR_81"
"749",2011,"Mata Paraibana","João Pessoa",63.4333333333333,"INDICADOR_81"
"750",2011,"Mata Paraibana","Litoral Norte",78.69,"INDICADOR_81"
"751",2011,"Mata Paraibana","Litoral Sul",78.975,"INDICADOR_81"
"752",2011,"Mata Paraibana","Sapé",75.8333333333333,"INDICADOR_81"
"753",2011,"Sertão Paraibano","Cajazeiras",77.7,"INDICADOR_81"
"754",2011,"Sertão Paraibano","Catolé do Rocha",80.7363636363636,"INDICADOR_81"
"755",2011,"Sertão Paraibano","Itaporanga",77.7,"INDICADOR_81"
"756",2011,"Sertão Paraibano","Patos",79.9666666666667,"INDICADOR_81"
"757",2011,"Sertão Paraibano","Piancó",75.7555555555556,"INDICADOR_81"
"758",2011,"Sertão Paraibano","Serra do Teixeira",77.6181818181818,"INDICADOR_81"
"759",2011,"Sertão Paraibano","Sousa",78.5117647058824,"INDICADOR_81"
"760",2007,"Agreste Paraibano","Brejo Paraibano",75.4326095127694,"INDICADOR_176"
"761",2007,"Agreste Paraibano","Campina Grande",85.0461086411249,"INDICADOR_176"
"762",2007,"Agreste Paraibano","Curimataú Ocidental",69.3300387686975,"INDICADOR_176"
"763",2007,"Agreste Paraibano","Curimataú Oriental",63.7397187617769,"INDICADOR_176"
"764",2007,"Agreste Paraibano","Esperança",84.9847016010214,"INDICADOR_176"
"765",2007,"Agreste Paraibano","Guarabira",72.5546846234611,"INDICADOR_176"
"766",2007,"Agreste Paraibano","Itabaiana",74.3754866042292,"INDICADOR_176"
"767",2007,"Agreste Paraibano","Umbuzeiro",66.7544700829088,"INDICADOR_176"
"768",2007,"Borborema","Cariri Ocidental",65.2617479991876,"INDICADOR_176"
"769",2007,"Borborema","Cariri Oriental",74.8083503761142,"INDICADOR_176"
"770",2007,"Borborema","Seridó Ocidental Paraibano",76.6988474764139,"INDICADOR_176"
"771",2007,"Borborema","Seridó Oriental Paraibano",60.9494748499369,"INDICADOR_176"
"772",2007,"Mata Paraibana","João Pessoa",79.819623992678,"INDICADOR_176"
"773",2007,"Mata Paraibana","Litoral Norte",67.3457224109689,"INDICADOR_176"
"774",2007,"Mata Paraibana","Litoral Sul",79.0572715572715,"INDICADOR_176"
"775",2007,"Mata Paraibana","Sapé",70.8937000064441,"INDICADOR_176"
"776",2007,"Sertão Paraibano","Cajazeiras",58.1921387972541,"INDICADOR_176"
"777",2007,"Sertão Paraibano","Catolé do Rocha",45.4322417601832,"INDICADOR_176"
"778",2007,"Sertão Paraibano","Itaporanga",70.4880473248953,"INDICADOR_176"
"779",2007,"Sertão Paraibano","Patos",71.7667515322111,"INDICADOR_176"
"780",2007,"Sertão Paraibano","Piancó",63.1926846390448,"INDICADOR_176"
"781",2007,"Sertão Paraibano","Serra do Teixeira",68.2559613661803,"INDICADOR_176"
"782",2007,"Sertão Paraibano","Sousa",63.3060641275068,"INDICADOR_176"
"783",2008,"Agreste Paraibano","Brejo Paraibano",70.10408294605,"INDICADOR_176"
"784",2008,"Agreste Paraibano","Campina Grande",76.0536679256182,"INDICADOR_176"
"785",2008,"Agreste Paraibano","Curimataú Ocidental",58.3063414479064,"INDICADOR_176"
"786",2008,"Agreste Paraibano","Curimataú Oriental",57.6451665690109,"INDICADOR_176"
"787",2008,"Agreste Paraibano","Esperança",82.312255414569,"INDICADOR_176"
"788",2008,"Agreste Paraibano","Guarabira",63.5218126421108,"INDICADOR_176"
"789",2008,"Agreste Paraibano","Itabaiana",64.7954554305811,"INDICADOR_176"
"790",2008,"Agreste Paraibano","Umbuzeiro",59.0526457238414,"INDICADOR_176"
"791",2008,"Borborema","Cariri Ocidental",64.0131653799661,"INDICADOR_176"
"792",2008,"Borborema","Cariri Oriental",64.3363104484635,"INDICADOR_176"
"793",2008,"Borborema","Seridó Ocidental Paraibano",63.7187324687325,"INDICADOR_176"
"794",2008,"Borborema","Seridó Oriental Paraibano",64.647689288024,"INDICADOR_176"
"795",2008,"Mata Paraibana","João Pessoa",75.5373647442478,"INDICADOR_176"
"796",2008,"Mata Paraibana","Litoral Norte",64.472632614565,"INDICADOR_176"
"797",2008,"Mata Paraibana","Litoral Sul",71.5354767184035,"INDICADOR_176"
"798",2008,"Mata Paraibana","Sapé",64.8939769387932,"INDICADOR_176"
"799",2008,"Sertão Paraibano","Cajazeiras",58.8543215630654,"INDICADOR_176"
"800",2008,"Sertão Paraibano","Catolé do Rocha",52.9251250528042,"INDICADOR_176"
"801",2008,"Sertão Paraibano","Itaporanga",64.9582358685289,"INDICADOR_176"
"802",2008,"Sertão Paraibano","Patos",64.8436962929717,"INDICADOR_176"
"803",2008,"Sertão Paraibano","Piancó",59.9165674780608,"INDICADOR_176"
"804",2008,"Sertão Paraibano","Serra do Teixeira",57.588025726436,"INDICADOR_176"
"805",2008,"Sertão Paraibano","Sousa",61.0600087147622,"INDICADOR_176"
"806",2009,"Agreste Paraibano","Brejo Paraibano",70.0457668822156,"INDICADOR_176"
"807",2009,"Agreste Paraibano","Campina Grande",84.7268650817291,"INDICADOR_176"
"808",2009,"Agreste Paraibano","Curimataú Ocidental",67.1006079424708,"INDICADOR_176"
"809",2009,"Agreste Paraibano","Curimataú Oriental",61.6605883277403,"INDICADOR_176"
"810",2009,"Agreste Paraibano","Esperança",82.8422211908019,"INDICADOR_176"
"811",2009,"Agreste Paraibano","Guarabira",65.8198625752288,"INDICADOR_176"
"812",2009,"Agreste Paraibano","Itabaiana",70.31667731345,"INDICADOR_176"
"813",2009,"Agreste Paraibano","Umbuzeiro",70.8765337088332,"INDICADOR_176"
"814",2009,"Borborema","Cariri Ocidental",65.6575872789818,"INDICADOR_176"
"815",2009,"Borborema","Cariri Oriental",71.9974237563914,"INDICADOR_176"
"816",2009,"Borborema","Seridó Ocidental Paraibano",61.7260599415205,"INDICADOR_176"
"817",2009,"Borborema","Seridó Oriental Paraibano",61.4273691639421,"INDICADOR_176"
"818",2009,"Mata Paraibana","João Pessoa",74.131407220583,"INDICADOR_176"
"819",2009,"Mata Paraibana","Litoral Norte",59.8623762903194,"INDICADOR_176"
"820",2009,"Mata Paraibana","Litoral Sul",72.4191925566003,"INDICADOR_176"
"821",2009,"Mata Paraibana","Sapé",64.6844683906087,"INDICADOR_176"
"822",2009,"Sertão Paraibano","Cajazeiras",57.3593279067528,"INDICADOR_176"
"823",2009,"Sertão Paraibano","Catolé do Rocha",54.6492971652504,"INDICADOR_176"
"824",2009,"Sertão Paraibano","Itaporanga",70.9866830982392,"INDICADOR_176"
"825",2009,"Sertão Paraibano","Patos",60.2170613688229,"INDICADOR_176"
"826",2009,"Sertão Paraibano","Piancó",61.6674703086854,"INDICADOR_176"
"827",2009,"Sertão Paraibano","Serra do Teixeira",63.1944768657161,"INDICADOR_176"
"828",2009,"Sertão Paraibano","Sousa",65.0614366214161,"INDICADOR_176"
"829",2010,"Agreste Paraibano","Brejo Paraibano",68.4002751532545,"INDICADOR_176"
"830",2010,"Agreste Paraibano","Campina Grande",79.1553579932157,"INDICADOR_176"
"831",2010,"Agreste Paraibano","Curimataú Ocidental",66.0852066512852,"INDICADOR_176"
"832",2010,"Agreste Paraibano","Curimataú Oriental",59.1237588412983,"INDICADOR_176"
"833",2010,"Agreste Paraibano","Esperança",80.2944862155389,"INDICADOR_176"
"834",2010,"Agreste Paraibano","Guarabira",64.0493382860492,"INDICADOR_176"
"835",2010,"Agreste Paraibano","Itabaiana",64.3403556936692,"INDICADOR_176"
"836",2010,"Agreste Paraibano","Umbuzeiro",65.68017645437,"INDICADOR_176"
"837",2010,"Borborema","Cariri Ocidental",67.1098863200563,"INDICADOR_176"
"838",2010,"Borborema","Cariri Oriental",70.793453719935,"INDICADOR_176"
"839",2010,"Borborema","Seridó Ocidental Paraibano",66.8426943426943,"INDICADOR_176"
"840",2010,"Borborema","Seridó Oriental Paraibano",61.1048085798363,"INDICADOR_176"
"841",2010,"Mata Paraibana","João Pessoa",71.3117408601994,"INDICADOR_176"
"842",2010,"Mata Paraibana","Litoral Norte",56.6328239823967,"INDICADOR_176"
"843",2010,"Mata Paraibana","Litoral Sul",72.3571499306794,"INDICADOR_176"
"844",2010,"Mata Paraibana","Sapé",57.9216209173602,"INDICADOR_176"
"845",2010,"Sertão Paraibano","Cajazeiras",57.20173484241,"INDICADOR_176"
"846",2010,"Sertão Paraibano","Catolé do Rocha",52.8379860101501,"INDICADOR_176"
"847",2010,"Sertão Paraibano","Itaporanga",71.2429554437227,"INDICADOR_176"
"848",2010,"Sertão Paraibano","Patos",62.5927305588323,"INDICADOR_176"
"849",2010,"Sertão Paraibano","Piancó",60.359284246658,"INDICADOR_176"
"850",2010,"Sertão Paraibano","Serra do Teixeira",61.8748342278354,"INDICADOR_176"
"851",2010,"Sertão Paraibano","Sousa",67.4514832044245,"INDICADOR_176"
"852",2011,"Agreste Paraibano","Brejo Paraibano",74.4601143070971,"INDICADOR_176"
"853",2011,"Agreste Paraibano","Campina Grande",81.0505713177484,"INDICADOR_176"
"854",2011,"Agreste Paraibano","Curimataú Ocidental",78.0770871149724,"INDICADOR_176"
"855",2011,"Agreste Paraibano","Curimataú Oriental",78.636448841695,"INDICADOR_176"
"856",2011,"Agreste Paraibano","Esperança",91.761193011193,"INDICADOR_176"
"857",2011,"Agreste Paraibano","Guarabira",73.3267501797082,"INDICADOR_176"
"858",2011,"Agreste Paraibano","Itabaiana",81.0297059960454,"INDICADOR_176"
"859",2011,"Agreste Paraibano","Umbuzeiro",75.795670995671,"INDICADOR_176"
"860",2011,"Borborema","Cariri Ocidental",71.3912721743768,"INDICADOR_176"
"861",2011,"Borborema","Cariri Oriental",72.0605061091304,"INDICADOR_176"
"862",2011,"Borborema","Seridó Ocidental Paraibano",66.6979860044376,"INDICADOR_176"
"863",2011,"Borborema","Seridó Oriental Paraibano",83.800036239194,"INDICADOR_176"
"864",2011,"Mata Paraibana","João Pessoa",76.522463440132,"INDICADOR_176"
"865",2011,"Mata Paraibana","Litoral Norte",77.5859683706399,"INDICADOR_176"
"866",2011,"Mata Paraibana","Litoral Sul",74.8687423687424,"INDICADOR_176"
"867",2011,"Mata Paraibana","Sapé",78.947546123825,"INDICADOR_176"
"868",2011,"Sertão Paraibano","Cajazeiras",62.6717942970283,"INDICADOR_176"
"869",2011,"Sertão Paraibano","Catolé do Rocha",70.6723138524353,"INDICADOR_176"
"870",2011,"Sertão Paraibano","Itaporanga",68.4830737512316,"INDICADOR_176"
"871",2011,"Sertão Paraibano","Patos",80.9745531484662,"INDICADOR_176"
"872",2011,"Sertão Paraibano","Piancó",65.2492224351307,"INDICADOR_176"
"873",2011,"Sertão Paraibano","Serra do Teixeira",74.7546111256653,"INDICADOR_176"
"874",2011,"Sertão Paraibano","Sousa",78.1910874923392,"INDICADOR_176"
"875",2011,"Agreste Paraibano","Brejo Paraibano",64.9384340287204,"INDICADOR_177"
"876",2011,"Agreste Paraibano","Campina Grande",67.7155341157435,"INDICADOR_177"
"877",2011,"Agreste Paraibano","Curimataú Ocidental",71.109919685649,"INDICADOR_177"
"878",2011,"Agreste Paraibano","Curimataú Oriental",71.5924462688217,"INDICADOR_177"
"879",2011,"Agreste Paraibano","Esperança",57.3875011375011,"INDICADOR_177"
"880",2011,"Agreste Paraibano","Guarabira",64.5555123162665,"INDICADOR_177"
"881",2011,"Agreste Paraibano","Itabaiana",60.3948616675748,"INDICADOR_177"
"882",2011,"Agreste Paraibano","Umbuzeiro",70.3151515151515,"INDICADOR_177"
"883",2011,"Borborema","Cariri Ocidental",51.2718513306011,"INDICADOR_177"
"884",2011,"Borborema","Cariri Oriental",80.1734033961264,"INDICADOR_177"
"885",2011,"Borborema","Seridó Ocidental Paraibano",55.0954770438642,"INDICADOR_177"
"886",2011,"Borborema","Seridó Oriental Paraibano",71.6987044796725,"INDICADOR_177"
"887",2011,"Mata Paraibana","João Pessoa",61.3902123416649,"INDICADOR_177"
"888",2011,"Mata Paraibana","Litoral Norte",84.7165441006682,"INDICADOR_177"
"889",2011,"Mata Paraibana","Litoral Sul",72.7417582417582,"INDICADOR_177"
"890",2011,"Mata Paraibana","Sapé",65.9250136967796,"INDICADOR_177"
"891",2011,"Sertão Paraibano","Cajazeiras",55.0125218102147,"INDICADOR_177"
"892",2011,"Sertão Paraibano","Catolé do Rocha",55.5688209340429,"INDICADOR_177"
"893",2011,"Sertão Paraibano","Itaporanga",54.7564006091489,"INDICADOR_177"
"894",2011,"Sertão Paraibano","Patos",82.4284246023376,"INDICADOR_177"
"895",2011,"Sertão Paraibano","Piancó",52.246845732677,"INDICADOR_177"
"896",2011,"Sertão Paraibano","Serra do Teixeira",59.7202094525211,"INDICADOR_177"
"897",2011,"Sertão Paraibano","Sousa",62.7899214213436,"INDICADOR_177"
"898",2007,"Agreste Paraibano","Brejo Paraibano",35.6160833093027,"INDICADOR_202"
"899",2007,"Agreste Paraibano","Campina Grande",35.4605486004296,"INDICADOR_202"
"900",2007,"Agreste Paraibano","Curimataú Ocidental",35.2249396693841,"INDICADOR_202"
"901",2007,"Agreste Paraibano","Curimataú Oriental",35.8414425274283,"INDICADOR_202"
"902",2007,"Agreste Paraibano","Esperança",32.8395061728395,"INDICADOR_202"
"903",2007,"Agreste Paraibano","Guarabira",34.4945176369325,"INDICADOR_202"
"904",2007,"Agreste Paraibano","Itabaiana",36.0583415896378,"INDICADOR_202"
"905",2007,"Agreste Paraibano","Umbuzeiro",41.7513368828373,"INDICADOR_202"
"906",2007,"Borborema","Cariri Ocidental",35.2408224793846,"INDICADOR_202"
"907",2007,"Borborema","Cariri Oriental",37.5966625966626,"INDICADOR_202"
"908",2007,"Borborema","Seridó Ocidental Paraibano",34.2536475869809,"INDICADOR_202"
"909",2007,"Borborema","Seridó Oriental Paraibano",37.2122678617579,"INDICADOR_202"
"910",2007,"Mata Paraibana","João Pessoa",28.7681408265647,"INDICADOR_202"
"911",2007,"Mata Paraibana","Litoral Norte",33.074363206939,"INDICADOR_202"
"912",2007,"Mata Paraibana","Litoral Sul",32.5385802469136,"INDICADOR_202"
"913",2007,"Mata Paraibana","Sapé",34.9428729706507,"INDICADOR_202"
"914",2007,"Sertão Paraibano","Cajazeiras",37.3465742852725,"INDICADOR_202"
"915",2007,"Sertão Paraibano","Catolé do Rocha",36.9149516970493,"INDICADOR_202"
"916",2007,"Sertão Paraibano","Itaporanga",39.2858918862447,"INDICADOR_202"
"917",2007,"Sertão Paraibano","Patos",36.4987494617124,"INDICADOR_202"
"918",2007,"Sertão Paraibano","Piancó",38.586237869392,"INDICADOR_202"
"919",2007,"Sertão Paraibano","Serra do Teixeira",37.7403007949363,"INDICADOR_202"
"920",2007,"Sertão Paraibano","Sousa",35.915267800404,"INDICADOR_202"
"921",2008,"Agreste Paraibano","Brejo Paraibano",40.7205528222685,"INDICADOR_202"
"922",2008,"Agreste Paraibano","Campina Grande",40.1474648974649,"INDICADOR_202"
"923",2008,"Agreste Paraibano","Curimataú Ocidental",40.1232541583106,"INDICADOR_202"
"924",2008,"Agreste Paraibano","Curimataú Oriental",40.1343426484404,"INDICADOR_202"
"925",2008,"Agreste Paraibano","Esperança",36.7939814814815,"INDICADOR_202"
"926",2008,"Agreste Paraibano","Guarabira",38.0473176334152,"INDICADOR_202"
"927",2008,"Agreste Paraibano","Itabaiana",40.3468334927888,"INDICADOR_202"
"928",2008,"Agreste Paraibano","Umbuzeiro",44.9805027274067,"INDICADOR_202"
"929",2008,"Borborema","Cariri Ocidental",38.5864700088838,"INDICADOR_202"
"930",2008,"Borborema","Cariri Oriental",41.7437340558256,"INDICADOR_202"
"931",2008,"Borborema","Seridó Ocidental Paraibano",38.2547699214366,"INDICADOR_202"
"932",2008,"Borborema","Seridó Oriental Paraibano",40.4293305561027,"INDICADOR_202"
"933",2008,"Mata Paraibana","João Pessoa",29.5413902485366,"INDICADOR_202"
"934",2008,"Mata Paraibana","Litoral Norte",36.9791143390472,"INDICADOR_202"
"935",2008,"Mata Paraibana","Litoral Sul",35.5125661375662,"INDICADOR_202"
"936",2008,"Mata Paraibana","Sapé",37.3591364054327,"INDICADOR_202"
"937",2008,"Sertão Paraibano","Cajazeiras",41.7151059006742,"INDICADOR_202"
"938",2008,"Sertão Paraibano","Catolé do Rocha",42.2132898088102,"INDICADOR_202"
"939",2008,"Sertão Paraibano","Itaporanga",43.7390865794014,"INDICADOR_202"
"940",2008,"Sertão Paraibano","Patos",40.4004674093771,"INDICADOR_202"
"941",2008,"Sertão Paraibano","Piancó",42.5940991745589,"INDICADOR_202"
"942",2008,"Sertão Paraibano","Serra do Teixeira",41.9874225611076,"INDICADOR_202"
"943",2008,"Sertão Paraibano","Sousa",39.5656239870678,"INDICADOR_202"
"944",2009,"Agreste Paraibano","Brejo Paraibano",40.844443175912,"INDICADOR_202"
"945",2009,"Agreste Paraibano","Campina Grande",39.3710771345575,"INDICADOR_202"
"946",2009,"Agreste Paraibano","Curimataú Ocidental",39.2983920692254,"INDICADOR_202"
"947",2009,"Agreste Paraibano","Curimataú Oriental",38.8881452416024,"INDICADOR_202"
"948",2009,"Agreste Paraibano","Esperança",36.2462820125025,"INDICADOR_202"
"949",2009,"Agreste Paraibano","Guarabira",37.4335660684345,"INDICADOR_202"
"950",2009,"Agreste Paraibano","Itabaiana",38.6883532562545,"INDICADOR_202"
"951",2009,"Agreste Paraibano","Umbuzeiro",44.7781096197612,"INDICADOR_202"
"952",2009,"Borborema","Cariri Ocidental",37.4250759054681,"INDICADOR_202"
"953",2009,"Borborema","Cariri Oriental",38.4833042471931,"INDICADOR_202"
"954",2009,"Borborema","Seridó Ocidental Paraibano",37.7134593801261,"INDICADOR_202"
"955",2009,"Borborema","Seridó Oriental Paraibano",39.9931802741509,"INDICADOR_202"
"956",2009,"Mata Paraibana","João Pessoa",27.5880141724298,"INDICADOR_202"
"957",2009,"Mata Paraibana","Litoral Norte",35.7565857069514,"INDICADOR_202"
"958",2009,"Mata Paraibana","Litoral Sul",34.0516067538126,"INDICADOR_202"
"959",2009,"Mata Paraibana","Sapé",35.6982129667315,"INDICADOR_202"
"960",2009,"Sertão Paraibano","Cajazeiras",41.0325555623129,"INDICADOR_202"
"961",2009,"Sertão Paraibano","Catolé do Rocha",40.1616423309053,"INDICADOR_202"
"962",2009,"Sertão Paraibano","Itaporanga",42.8776211683262,"INDICADOR_202"
"963",2009,"Sertão Paraibano","Patos",39.7337937309123,"INDICADOR_202"
"964",2009,"Sertão Paraibano","Piancó",41.8735182503052,"INDICADOR_202"
"965",2009,"Sertão Paraibano","Serra do Teixeira",41.0501952552518,"INDICADOR_202"
"966",2009,"Sertão Paraibano","Sousa",39.1389662777692,"INDICADOR_202"
"967",2010,"Agreste Paraibano","Brejo Paraibano",39.8259661991302,"INDICADOR_202"
"968",2010,"Agreste Paraibano","Campina Grande",38.0134828827227,"INDICADOR_202"
"969",2010,"Agreste Paraibano","Curimataú Ocidental",38.6697391836281,"INDICADOR_202"
"970",2010,"Agreste Paraibano","Curimataú Oriental",37.8663802683411,"INDICADOR_202"
"971",2010,"Agreste Paraibano","Esperança",33.8401559454191,"INDICADOR_202"
"972",2010,"Agreste Paraibano","Guarabira",35.8504783005413,"INDICADOR_202"
"973",2010,"Agreste Paraibano","Itabaiana",37.0798869244193,"INDICADOR_202"
"974",2010,"Agreste Paraibano","Umbuzeiro",44.2222488291524,"INDICADOR_202"
"975",2010,"Borborema","Cariri Ocidental",36.6284570941434,"INDICADOR_202"
"976",2010,"Borborema","Cariri Oriental",36.5815819982487,"INDICADOR_202"
"977",2010,"Borborema","Seridó Ocidental Paraibano",35.9772043799821,"INDICADOR_202"
"978",2010,"Borborema","Seridó Oriental Paraibano",39.771924501251,"INDICADOR_202"
"979",2010,"Mata Paraibana","João Pessoa",26.380008194823,"INDICADOR_202"
"980",2010,"Mata Paraibana","Litoral Norte",34.1387796762193,"INDICADOR_202"
"981",2010,"Mata Paraibana","Litoral Sul",33.2564484126984,"INDICADOR_202"
"982",2010,"Mata Paraibana","Sapé",33.7737228477969,"INDICADOR_202"
"983",2010,"Sertão Paraibano","Cajazeiras",39.6007202956005,"INDICADOR_202"
"984",2010,"Sertão Paraibano","Catolé do Rocha",39.7752765793314,"INDICADOR_202"
"985",2010,"Sertão Paraibano","Itaporanga",42.4418462169707,"INDICADOR_202"
"986",2010,"Sertão Paraibano","Patos",39.0847230456479,"INDICADOR_202"
"987",2010,"Sertão Paraibano","Piancó",39.0504747927739,"INDICADOR_202"
"988",2010,"Sertão Paraibano","Serra do Teixeira",40.2895521052087,"INDICADOR_202"
"989",2010,"Sertão Paraibano","Sousa",38.1815052622341,"INDICADOR_202"
"990",2011,"Agreste Paraibano","Brejo Paraibano",37.8271007136139,"INDICADOR_202"
"991",2011,"Agreste Paraibano","Campina Grande",35.4010615075355,"INDICADOR_202"
"992",2011,"Agreste Paraibano","Curimataú Ocidental",35.3933466863905,"INDICADOR_202"
"993",2011,"Agreste Paraibano","Curimataú Oriental",34.7895706229039,"INDICADOR_202"
"994",2011,"Agreste Paraibano","Esperança",33.4405458089669,"INDICADOR_202"
"995",2011,"Agreste Paraibano","Guarabira",32.8520537157579,"INDICADOR_202"
"996",2011,"Agreste Paraibano","Itabaiana",34.0955182881759,"INDICADOR_202"
"997",2011,"Agreste Paraibano","Umbuzeiro",42.0812150812151,"INDICADOR_202"
"998",2011,"Borborema","Cariri Ocidental",32.9135955729093,"INDICADOR_202"
"999",2011,"Borborema","Cariri Oriental",34.3684247850914,"INDICADOR_202"
"1000",2011,"Borborema","Seridó Ocidental Paraibano",33.9856902356902,"INDICADOR_202"
"1001",2011,"Borborema","Seridó Oriental Paraibano",37.3735112624002,"INDICADOR_202"
"1002",2011,"Mata Paraibana","João Pessoa",24.3880306472899,"INDICADOR_202"
"1003",2011,"Mata Paraibana","Litoral Norte",30.9905363061929,"INDICADOR_202"
"1004",2011,"Mata Paraibana","Litoral Sul",30.2834520803271,"INDICADOR_202"
"1005",2011,"Mata Paraibana","Sapé",31.6680798625243,"INDICADOR_202"
"1006",2011,"Sertão Paraibano","Cajazeiras",37.1865488029509,"INDICADOR_202"
"1007",2011,"Sertão Paraibano","Catolé do Rocha",36.464648020294,"INDICADOR_202"
"1008",2011,"Sertão Paraibano","Itaporanga",38.8206145046609,"INDICADOR_202"
"1009",2011,"Sertão Paraibano","Patos",35.2712308267864,"INDICADOR_202"
"1010",2011,"Sertão Paraibano","Piancó",35.3138161785115,"INDICADOR_202"
"1011",2011,"Sertão Paraibano","Serra do Teixeira",38.3521535319781,"INDICADOR_202"
"1012",2011,"Sertão Paraibano","Sousa",35.8152384409769,"INDICADOR_202"
"1013",2007,"Agreste Paraibano","Brejo Paraibano",19.5314830172055,"INDICADOR_184"
"1014",2007,"Agreste Paraibano","Campina Grande",20.8930866909137,"INDICADOR_184"
"1015",2007,"Agreste Paraibano","Curimataú Ocidental",19.6632942858128,"INDICADOR_184"
"1016",2007,"Agreste Paraibano","Curimataú Oriental",21.8391987073954,"INDICADOR_184"
"1017",2007,"Agreste Paraibano","Esperança",21.2589568658445,"INDICADOR_184"
"1018",2007,"Agreste Paraibano","Guarabira",19.9925368765338,"INDICADOR_184"
"1019",2007,"Agreste Paraibano","Itabaiana",19.2713418707714,"INDICADOR_184"
"1020",2007,"Agreste Paraibano","Umbuzeiro",22.9887644653312,"INDICADOR_184"
"1021",2007,"Borborema","Cariri Ocidental",17.3960976298733,"INDICADOR_184"
"1022",2007,"Borborema","Cariri Oriental",17.0879941318641,"INDICADOR_184"
"1023",2007,"Borborema","Seridó Ocidental Paraibano",16.6045362258378,"INDICADOR_184"
"1024",2007,"Borborema","Seridó Oriental Paraibano",21.0466315711315,"INDICADOR_184"
"1025",2007,"Mata Paraibana","João Pessoa",24.8070528053311,"INDICADOR_184"
"1026",2007,"Mata Paraibana","Litoral Norte",22.1329317263105,"INDICADOR_184"
"1027",2007,"Mata Paraibana","Litoral Sul",23.5115343375417,"INDICADOR_184"
"1028",2007,"Mata Paraibana","Sapé",23.3318731963048,"INDICADOR_184"
"1029",2007,"Sertão Paraibano","Cajazeiras",18.7811683556367,"INDICADOR_184"
"1030",2007,"Sertão Paraibano","Catolé do Rocha",17.4831635819726,"INDICADOR_184"
"1031",2007,"Sertão Paraibano","Itaporanga",15.692480870694,"INDICADOR_184"
"1032",2007,"Sertão Paraibano","Patos",15.6872985159393,"INDICADOR_184"
"1033",2007,"Sertão Paraibano","Piancó",16.8822020902064,"INDICADOR_184"
"1034",2007,"Sertão Paraibano","Serra do Teixeira",20.7151257650452,"INDICADOR_184"
"1035",2007,"Sertão Paraibano","Sousa",18.4182705292896,"INDICADOR_184"
"1036",2008,"Agreste Paraibano","Brejo Paraibano",18.765617033367,"INDICADOR_184"
"1037",2008,"Agreste Paraibano","Campina Grande",19.9350574692511,"INDICADOR_184"
"1038",2008,"Agreste Paraibano","Curimataú Ocidental",19.3208957985366,"INDICADOR_184"
"1039",2008,"Agreste Paraibano","Curimataú Oriental",20.5868093784716,"INDICADOR_184"
"1040",2008,"Agreste Paraibano","Esperança",21.6004947349209,"INDICADOR_184"
"1041",2008,"Agreste Paraibano","Guarabira",18.2870940704487,"INDICADOR_184"
"1042",2008,"Agreste Paraibano","Itabaiana",16.9825650669333,"INDICADOR_184"
"1043",2008,"Agreste Paraibano","Umbuzeiro",18.4797520276363,"INDICADOR_184"
"1044",2008,"Borborema","Cariri Ocidental",15.2248874061927,"INDICADOR_184"
"1045",2008,"Borborema","Cariri Oriental",15.617283903391,"INDICADOR_184"
"1046",2008,"Borborema","Seridó Ocidental Paraibano",14.64030875006,"INDICADOR_184"
"1047",2008,"Borborema","Seridó Oriental Paraibano",19.9450137682935,"INDICADOR_184"
"1048",2008,"Mata Paraibana","João Pessoa",22.0633018972107,"INDICADOR_184"
"1049",2008,"Mata Paraibana","Litoral Norte",20.9921215770896,"INDICADOR_184"
"1050",2008,"Mata Paraibana","Litoral Sul",23.1136885331813,"INDICADOR_184"
"1051",2008,"Mata Paraibana","Sapé",20.8193235061323,"INDICADOR_184"
"1052",2008,"Sertão Paraibano","Cajazeiras",17.4560127828894,"INDICADOR_184"
"1053",2008,"Sertão Paraibano","Catolé do Rocha",16.8625415027261,"INDICADOR_184"
"1054",2008,"Sertão Paraibano","Itaporanga",14.7295653883112,"INDICADOR_184"
"1055",2008,"Sertão Paraibano","Patos",15.1247492223905,"INDICADOR_184"
"1056",2008,"Sertão Paraibano","Piancó",14.0108944636177,"INDICADOR_184"
"1057",2008,"Sertão Paraibano","Serra do Teixeira",19.5758786528486,"INDICADOR_184"
"1058",2008,"Sertão Paraibano","Sousa",17.362402950344,"INDICADOR_184"
"1059",2009,"Agreste Paraibano","Brejo Paraibano",17.9782029423746,"INDICADOR_184"
"1060",2009,"Agreste Paraibano","Campina Grande",18.9011806998745,"INDICADOR_184"
"1061",2009,"Agreste Paraibano","Curimataú Ocidental",19.6023279550938,"INDICADOR_184"
"1062",2009,"Agreste Paraibano","Curimataú Oriental",19.7958890456376,"INDICADOR_184"
"1063",2009,"Agreste Paraibano","Esperança",22.1921304077187,"INDICADOR_184"
"1064",2009,"Agreste Paraibano","Guarabira",17.3621224857051,"INDICADOR_184"
"1065",2009,"Agreste Paraibano","Itabaiana",17.6809437776796,"INDICADOR_184"
"1066",2009,"Agreste Paraibano","Umbuzeiro",18.1203043814098,"INDICADOR_184"
"1067",2009,"Borborema","Cariri Ocidental",14.941356925948,"INDICADOR_184"
"1068",2009,"Borborema","Cariri Oriental",15.5653132221496,"INDICADOR_184"
"1069",2009,"Borborema","Seridó Ocidental Paraibano",15.847361194643,"INDICADOR_184"
"1070",2009,"Borborema","Seridó Oriental Paraibano",20.116706426294,"INDICADOR_184"
"1071",2009,"Mata Paraibana","João Pessoa",21.3793440236079,"INDICADOR_184"
"1072",2009,"Mata Paraibana","Litoral Norte",21.7418600379839,"INDICADOR_184"
"1073",2009,"Mata Paraibana","Litoral Sul",21.8056448965038,"INDICADOR_184"
"1074",2009,"Mata Paraibana","Sapé",20.4286919627853,"INDICADOR_184"
"1075",2009,"Sertão Paraibano","Cajazeiras",15.9398385553002,"INDICADOR_184"
"1076",2009,"Sertão Paraibano","Catolé do Rocha",17.6261786020378,"INDICADOR_184"
"1077",2009,"Sertão Paraibano","Itaporanga",15.1803533941448,"INDICADOR_184"
"1078",2009,"Sertão Paraibano","Patos",15.0066358161083,"INDICADOR_184"
"1079",2009,"Sertão Paraibano","Piancó",15.3291759436384,"INDICADOR_184"
"1080",2009,"Sertão Paraibano","Serra do Teixeira",19.9186209660956,"INDICADOR_184"
"1081",2009,"Sertão Paraibano","Sousa",17.4120305550114,"INDICADOR_184"
"1082",2010,"Agreste Paraibano","Brejo Paraibano",17.4981333379075,"INDICADOR_184"
"1083",2010,"Agreste Paraibano","Campina Grande",17.9405872457618,"INDICADOR_184"
"1084",2010,"Agreste Paraibano","Curimataú Ocidental",19.1891749676843,"INDICADOR_184"
"1085",2010,"Agreste Paraibano","Curimataú Oriental",20.2301575962568,"INDICADOR_184"
"1086",2010,"Agreste Paraibano","Esperança",21.3643625929757,"INDICADOR_184"
"1087",2010,"Agreste Paraibano","Guarabira",18.0584595112767,"INDICADOR_184"
"1088",2010,"Agreste Paraibano","Itabaiana",16.7852809810993,"INDICADOR_184"
"1089",2010,"Agreste Paraibano","Umbuzeiro",18.0603642727613,"INDICADOR_184"
"1090",2010,"Borborema","Cariri Ocidental",15.4341119696933,"INDICADOR_184"
"1091",2010,"Borborema","Cariri Oriental",15.3914511649504,"INDICADOR_184"
"1092",2010,"Borborema","Seridó Ocidental Paraibano",15.1237678428328,"INDICADOR_184"
"1093",2010,"Borborema","Seridó Oriental Paraibano",18.7900796417195,"INDICADOR_184"
"1094",2010,"Mata Paraibana","João Pessoa",18.3793026011611,"INDICADOR_184"
"1095",2010,"Mata Paraibana","Litoral Norte",20.7532049616223,"INDICADOR_184"
"1096",2010,"Mata Paraibana","Litoral Sul",20.3302699023806,"INDICADOR_184"
"1097",2010,"Mata Paraibana","Sapé",19.1358765047148,"INDICADOR_184"
"1098",2010,"Sertão Paraibano","Cajazeiras",15.8426983169318,"INDICADOR_184"
"1099",2010,"Sertão Paraibano","Catolé do Rocha",17.5794786082991,"INDICADOR_184"
"1100",2010,"Sertão Paraibano","Itaporanga",15.0022879331165,"INDICADOR_184"
"1101",2010,"Sertão Paraibano","Patos",14.7606256414617,"INDICADOR_184"
"1102",2010,"Sertão Paraibano","Piancó",13.8439138580487,"INDICADOR_184"
"1103",2010,"Sertão Paraibano","Serra do Teixeira",19.47874709442,"INDICADOR_184"
"1104",2010,"Sertão Paraibano","Sousa",17.1187884358183,"INDICADOR_184"
"1105",2011,"Agreste Paraibano","Brejo Paraibano",17.8711598184342,"INDICADOR_184"
"1106",2011,"Agreste Paraibano","Campina Grande",17.1353999766087,"INDICADOR_184"
"1107",2011,"Agreste Paraibano","Curimataú Ocidental",18.5053602006064,"INDICADOR_184"
"1108",2011,"Agreste Paraibano","Curimataú Oriental",19.4168324561686,"INDICADOR_184"
"1109",2011,"Agreste Paraibano","Esperança",20.6699641305491,"INDICADOR_184"
"1110",2011,"Agreste Paraibano","Guarabira",17.2214152433879,"INDICADOR_184"
"1111",2011,"Agreste Paraibano","Itabaiana",16.3455184920339,"INDICADOR_184"
"1112",2011,"Agreste Paraibano","Umbuzeiro",17.8590362216854,"INDICADOR_184"
"1113",2011,"Borborema","Cariri Ocidental",14.7490299802928,"INDICADOR_184"
"1114",2011,"Borborema","Cariri Oriental",14.1038792507922,"INDICADOR_184"
"1115",2011,"Borborema","Seridó Ocidental Paraibano",14.7941348460971,"INDICADOR_184"
"1116",2011,"Borborema","Seridó Oriental Paraibano",18.7035938839681,"INDICADOR_184"
"1117",2011,"Mata Paraibana","João Pessoa",17.4195127358038,"INDICADOR_184"
"1118",2011,"Mata Paraibana","Litoral Norte",20.0967683640271,"INDICADOR_184"
"1119",2011,"Mata Paraibana","Litoral Sul",19.8802350088557,"INDICADOR_184"
"1120",2011,"Mata Paraibana","Sapé",19.7946982439476,"INDICADOR_184"
"1121",2011,"Sertão Paraibano","Cajazeiras",16.3523021027874,"INDICADOR_184"
"1122",2011,"Sertão Paraibano","Catolé do Rocha",16.5097888924909,"INDICADOR_184"
"1123",2011,"Sertão Paraibano","Itaporanga",14.7300037560522,"INDICADOR_184"
"1124",2011,"Sertão Paraibano","Patos",13.4481064926387,"INDICADOR_184"
"1125",2011,"Sertão Paraibano","Piancó",13.7608675470248,"INDICADOR_184"
"1126",2011,"Sertão Paraibano","Serra do Teixeira",19.1525977688912,"INDICADOR_184"
"1127",2011,"Sertão Paraibano","Sousa",16.1698992034249,"INDICADOR_184"
"1128",2007,"Agreste Paraibano","Brejo Paraibano",1735.11296380254,"INDICADOR_7"
"1129",2007,"Agreste Paraibano","Campina Grande",1582.32959034553,"INDICADOR_7"
"1130",2007,"Agreste Paraibano","Curimataú Ocidental",1782.04321918604,"INDICADOR_7"
"1131",2007,"Agreste Paraibano","Curimataú Oriental",1583.49913896901,"INDICADOR_7"
"1132",2007,"Agreste Paraibano","Esperança",1737.28843891285,"INDICADOR_7"
"1133",2007,"Agreste Paraibano","Guarabira",1735.62418101423,"INDICADOR_7"
"1134",2007,"Agreste Paraibano","Itabaiana",1704.73640350588,"INDICADOR_7"
"1135",2007,"Agreste Paraibano","Umbuzeiro",1453.09121478308,"INDICADOR_7"
"1136",2007,"Borborema","Cariri Ocidental",2608.27159148401,"INDICADOR_7"
"1137",2007,"Borborema","Cariri Oriental",2218.65900074589,"INDICADOR_7"
"1138",2007,"Borborema","Seridó Ocidental Paraibano",2158.93441593192,"INDICADOR_7"
"1139",2007,"Borborema","Seridó Oriental Paraibano",1835.14099697814,"INDICADOR_7"
"1140",2007,"Mata Paraibana","João Pessoa",1601.96336617005,"INDICADOR_7"
"1141",2007,"Mata Paraibana","Litoral Norte",1513.77760024561,"INDICADOR_7"
"1142",2007,"Mata Paraibana","Litoral Sul",1706.95507919323,"INDICADOR_7"
"1143",2007,"Mata Paraibana","Sapé",1530.48040928152,"INDICADOR_7"
"1144",2007,"Sertão Paraibano","Cajazeiras",1753.32313493458,"INDICADOR_7"
"1145",2007,"Sertão Paraibano","Catolé do Rocha",2204.75331847748,"INDICADOR_7"
"1146",2007,"Sertão Paraibano","Itaporanga",2041.66449488997,"INDICADOR_7"
"1147",2007,"Sertão Paraibano","Patos",2453.47466320177,"INDICADOR_7"
"1148",2007,"Sertão Paraibano","Piancó",1850.28123737482,"INDICADOR_7"
"1149",2007,"Sertão Paraibano","Serra do Teixeira",1685.19469420589,"INDICADOR_7"
"1150",2007,"Sertão Paraibano","Sousa",2031.19996636258,"INDICADOR_7"
"1151",2008,"Agreste Paraibano","Brejo Paraibano",1860.36878237557,"INDICADOR_7"
"1152",2008,"Agreste Paraibano","Campina Grande",1819.55648561125,"INDICADOR_7"
"1153",2008,"Agreste Paraibano","Curimataú Ocidental",1948.70874911816,"INDICADOR_7"
"1154",2008,"Agreste Paraibano","Curimataú Oriental",1774.96421772863,"INDICADOR_7"
"1155",2008,"Agreste Paraibano","Esperança",1861.98124088592,"INDICADOR_7"
"1156",2008,"Agreste Paraibano","Guarabira",1991.55742457992,"INDICADOR_7"
"1157",2008,"Agreste Paraibano","Itabaiana",2050.60706138401,"INDICADOR_7"
"1158",2008,"Agreste Paraibano","Umbuzeiro",1648.47773805515,"INDICADOR_7"
"1159",2008,"Borborema","Cariri Ocidental",2782.37052774383,"INDICADOR_7"
"1160",2008,"Borborema","Cariri Oriental",2409.96595506929,"INDICADOR_7"
"1161",2008,"Borborema","Seridó Ocidental Paraibano",2436.08394788843,"INDICADOR_7"
"1162",2008,"Borborema","Seridó Oriental Paraibano",2095.59961163982,"INDICADOR_7"
"1163",2008,"Mata Paraibana","João Pessoa",1942.80111151631,"INDICADOR_7"
"1164",2008,"Mata Paraibana","Litoral Norte",1722.14634502514,"INDICADOR_7"
"1165",2008,"Mata Paraibana","Litoral Sul",1892.68724749622,"INDICADOR_7"
"1166",2008,"Mata Paraibana","Sapé",1677.04613585117,"INDICADOR_7"
"1167",2008,"Sertão Paraibano","Cajazeiras",1952.28564338804,"INDICADOR_7"
"1168",2008,"Sertão Paraibano","Catolé do Rocha",2578.32063946381,"INDICADOR_7"
"1169",2008,"Sertão Paraibano","Itaporanga",2222.9392211866,"INDICADOR_7"
"1170",2008,"Sertão Paraibano","Patos",2642.62163733313,"INDICADOR_7"
"1171",2008,"Sertão Paraibano","Piancó",2117.01965582655,"INDICADOR_7"
"1172",2008,"Sertão Paraibano","Serra do Teixeira",1973.24854758124,"INDICADOR_7"
"1173",2008,"Sertão Paraibano","Sousa",2339.66003591837,"INDICADOR_7"
"1174",2009,"Agreste Paraibano","Brejo Paraibano",2087.2188495356,"INDICADOR_7"
"1175",2009,"Agreste Paraibano","Campina Grande",2026.22873892139,"INDICADOR_7"
"1176",2009,"Agreste Paraibano","Curimataú Ocidental",2137.35028146262,"INDICADOR_7"
"1177",2009,"Agreste Paraibano","Curimataú Oriental",1929.84821453472,"INDICADOR_7"
"1178",2009,"Agreste Paraibano","Esperança",1864.43613620696,"INDICADOR_7"
"1179",2009,"Agreste Paraibano","Guarabira",2201.93355834906,"INDICADOR_7"
"1180",2009,"Agreste Paraibano","Itabaiana",1906.67016104601,"INDICADOR_7"
"1181",2009,"Agreste Paraibano","Umbuzeiro",1814.636400561,"INDICADOR_7"
"1182",2009,"Borborema","Cariri Ocidental",3027.90242557221,"INDICADOR_7"
"1183",2009,"Borborema","Cariri Oriental",2459.34473368317,"INDICADOR_7"
"1184",2009,"Borborema","Seridó Ocidental Paraibano",2415.55850761441,"INDICADOR_7"
"1185",2009,"Borborema","Seridó Oriental Paraibano",2083.16291417081,"INDICADOR_7"
"1186",2009,"Mata Paraibana","João Pessoa",2240.74877357823,"INDICADOR_7"
"1187",2009,"Mata Paraibana","Litoral Norte",1933.95862889164,"INDICADOR_7"
"1188",2009,"Mata Paraibana","Litoral Sul",2058.36377503454,"INDICADOR_7"
"1189",2009,"Mata Paraibana","Sapé",1968.95549457664,"INDICADOR_7"
"1190",2009,"Sertão Paraibano","Cajazeiras",2180.89606874633,"INDICADOR_7"
"1191",2009,"Sertão Paraibano","Catolé do Rocha",2505.45710137928,"INDICADOR_7"
"1192",2009,"Sertão Paraibano","Itaporanga",2309.97752519962,"INDICADOR_7"
"1193",2009,"Sertão Paraibano","Patos",2664.40419769362,"INDICADOR_7"
"1194",2009,"Sertão Paraibano","Piancó",2052.96387334328,"INDICADOR_7"
"1195",2009,"Sertão Paraibano","Serra do Teixeira",2053.13040052349,"INDICADOR_7"
"1196",2009,"Sertão Paraibano","Sousa",2413.90101815911,"INDICADOR_7"
"1197",2010,"Agreste Paraibano","Brejo Paraibano",2344.17625815401,"INDICADOR_7"
"1198",2010,"Agreste Paraibano","Campina Grande",2395.07737438039,"INDICADOR_7"
"1199",2010,"Agreste Paraibano","Curimataú Ocidental",2341.45193396657,"INDICADOR_7"
"1200",2010,"Agreste Paraibano","Curimataú Oriental",2183.70687713943,"INDICADOR_7"
"1201",2010,"Agreste Paraibano","Esperança",2050.80402021933,"INDICADOR_7"
"1202",2010,"Agreste Paraibano","Guarabira",2422.7215587569,"INDICADOR_7"
"1203",2010,"Agreste Paraibano","Itabaiana",2154.38216266263,"INDICADOR_7"
"1204",2010,"Agreste Paraibano","Umbuzeiro",2055.12588039141,"INDICADOR_7"
"1205",2010,"Borborema","Cariri Ocidental",3164.0769394514,"INDICADOR_7"
"1206",2010,"Borborema","Cariri Oriental",2644.46273514385,"INDICADOR_7"
"1207",2010,"Borborema","Seridó Ocidental Paraibano",2601.55351071797,"INDICADOR_7"
"1208",2010,"Borborema","Seridó Oriental Paraibano",2267.13190717432,"INDICADOR_7"
"1209",2010,"Mata Paraibana","João Pessoa",2713.58497269904,"INDICADOR_7"
"1210",2010,"Mata Paraibana","Litoral Norte",2187.11098762955,"INDICADOR_7"
"1211",2010,"Mata Paraibana","Litoral Sul",2274.77643203535,"INDICADOR_7"
"1212",2010,"Mata Paraibana","Sapé",2190.37356923201,"INDICADOR_7"
"1213",2010,"Sertão Paraibano","Cajazeiras",2407.86500054369,"INDICADOR_7"
"1214",2010,"Sertão Paraibano","Catolé do Rocha",2584.16640705073,"INDICADOR_7"
"1215",2010,"Sertão Paraibano","Itaporanga",2705.0960619292,"INDICADOR_7"
"1216",2010,"Sertão Paraibano","Patos",2968.80040381932,"INDICADOR_7"
"1217",2010,"Sertão Paraibano","Piancó",2690.10996273121,"INDICADOR_7"
"1218",2010,"Sertão Paraibano","Serra do Teixeira",2369.38973198635,"INDICADOR_7"
"1219",2010,"Sertão Paraibano","Sousa",2590.25961712184,"INDICADOR_7"
"1220",2011,"Agreste Paraibano","Brejo Paraibano",2599.96661975131,"INDICADOR_7"
"1221",2011,"Agreste Paraibano","Campina Grande",2635.2895602477,"INDICADOR_7"
"1222",2011,"Agreste Paraibano","Curimataú Ocidental",2709.70407991673,"INDICADOR_7"
"1223",2011,"Agreste Paraibano","Curimataú Oriental",2542.35430651943,"INDICADOR_7"
"1224",2011,"Agreste Paraibano","Esperança",2334.2786017476,"INDICADOR_7"
"1225",2011,"Agreste Paraibano","Guarabira",2721.12888885364,"INDICADOR_7"
"1226",2011,"Agreste Paraibano","Itabaiana",2471.25686686398,"INDICADOR_7"
"1227",2011,"Agreste Paraibano","Umbuzeiro",2244.64685992083,"INDICADOR_7"
"1228",2011,"Borborema","Cariri Ocidental",3514.73973149182,"INDICADOR_7"
"1229",2011,"Borborema","Cariri Oriental",3097.39088298354,"INDICADOR_7"
"1230",2011,"Borborema","Seridó Ocidental Paraibano",2938.62232115764,"INDICADOR_7"
"1231",2011,"Borborema","Seridó Oriental Paraibano",2657.12169357369,"INDICADOR_7"
"1232",2011,"Mata Paraibana","João Pessoa",2878.67054871891,"INDICADOR_7"
"1233",2011,"Mata Paraibana","Litoral Norte",2515.6009996123,"INDICADOR_7"
"1234",2011,"Mata Paraibana","Litoral Sul",2663.63746433509,"INDICADOR_7"
"1235",2011,"Mata Paraibana","Sapé",2459.51129468518,"INDICADOR_7"
"1236",2011,"Sertão Paraibano","Cajazeiras",2674.68682847767,"INDICADOR_7"
"1237",2011,"Sertão Paraibano","Catolé do Rocha",2819.41275299228,"INDICADOR_7"
"1238",2011,"Sertão Paraibano","Itaporanga",2704.35769770939,"INDICADOR_7"
"1239",2011,"Sertão Paraibano","Patos",3281.04396646538,"INDICADOR_7"
"1240",2011,"Sertão Paraibano","Piancó",2744.83616732895,"INDICADOR_7"
"1241",2011,"Sertão Paraibano","Serra do Teixeira",2605.17030026236,"INDICADOR_7"
"1242",2011,"Sertão Paraibano","Sousa",2998.61858045289,"INDICADOR_7"
"1243",2009,"Agreste Paraibano","Brejo Paraibano",0.708223666666667,"INDICADOR_201"
"1244",2009,"Agreste Paraibano","Campina Grande",0.80207975,"INDICADOR_201"
"1245",2009,"Agreste Paraibano","Curimataú Ocidental",0.687214333333333,"INDICADOR_201"
"1246",2009,"Agreste Paraibano","Curimataú Oriental",0.767591857142857,"INDICADOR_201"
"1247",2009,"Agreste Paraibano","Esperança",0.8371635,"INDICADOR_201"
"1248",2009,"Agreste Paraibano","Guarabira",0.671220846153846,"INDICADOR_201"
"1249",2009,"Agreste Paraibano","Itabaiana",0.706161444444445,"INDICADOR_201"
"1250",2009,"Agreste Paraibano","Umbuzeiro",0.7489268,"INDICADOR_201"
"1251",2009,"Borborema","Cariri Ocidental",0.733718428571429,"INDICADOR_201"
"1252",2009,"Borborema","Cariri Oriental",0.768882363636364,"INDICADOR_201"
"1253",2009,"Borborema","Seridó Ocidental Paraibano",0.7417435,"INDICADOR_201"
"1254",2009,"Borborema","Seridó Oriental Paraibano",0.763888333333333,"INDICADOR_201"
"1255",2009,"Mata Paraibana","João Pessoa",0.844986666666667,"INDICADOR_201"
"1256",2009,"Mata Paraibana","Litoral Norte",0.703384545454545,"INDICADOR_201"
"1257",2009,"Mata Paraibana","Litoral Sul",0.766533,"INDICADOR_201"
"1258",2009,"Mata Paraibana","Sapé",0.727090111111111,"INDICADOR_201"
"1259",2009,"Sertão Paraibano","Cajazeiras",0.711462266666667,"INDICADOR_201"
"1260",2009,"Sertão Paraibano","Catolé do Rocha",0.7390855,"INDICADOR_201"
"1261",2009,"Sertão Paraibano","Itaporanga",0.692928,"INDICADOR_201"
"1262",2009,"Sertão Paraibano","Patos",0.683231125,"INDICADOR_201"
"1263",2009,"Sertão Paraibano","Piancó",0.718829625,"INDICADOR_201"
"1264",2009,"Sertão Paraibano","Serra do Teixeira",0.7680571,"INDICADOR_201"
"1265",2009,"Sertão Paraibano","Sousa",0.7130645,"INDICADOR_201"
"1266",2011,"Agreste Paraibano","Brejo Paraibano",0.602837166666667,"INDICADOR_201"
"1267",2011,"Agreste Paraibano","Campina Grande",0.643678,"INDICADOR_201"
"1268",2011,"Agreste Paraibano","Curimataú Ocidental",0.596359666666667,"INDICADOR_201"
"1269",2011,"Agreste Paraibano","Curimataú Oriental",0.619732571428571,"INDICADOR_201"
"1270",2011,"Agreste Paraibano","Esperança",0.69437775,"INDICADOR_201"
"1271",2011,"Agreste Paraibano","Guarabira",0.566595769230769,"INDICADOR_201"
"1272",2011,"Agreste Paraibano","Itabaiana",0.576570111111111,"INDICADOR_201"
"1273",2011,"Agreste Paraibano","Umbuzeiro",0.6268466,"INDICADOR_201"
"1274",2011,"Borborema","Cariri Ocidental",0.629338214285714,"INDICADOR_201"
"1275",2011,"Borborema","Cariri Oriental",0.616513636363636,"INDICADOR_201"
"1276",2011,"Borborema","Seridó Ocidental Paraibano",0.6487405,"INDICADOR_201"
"1277",2011,"Borborema","Seridó Oriental Paraibano",0.646638666666667,"INDICADOR_201"
"1278",2011,"Mata Paraibana","João Pessoa",0.6776095,"INDICADOR_201"
"1279",2011,"Mata Paraibana","Litoral Norte",0.565458545454545,"INDICADOR_201"
"1280",2011,"Mata Paraibana","Litoral Sul",0.615101,"INDICADOR_201"
"1281",2011,"Mata Paraibana","Sapé",0.595516444444444,"INDICADOR_201"
"1282",2011,"Sertão Paraibano","Cajazeiras",0.5732042,"INDICADOR_201"
"1283",2011,"Sertão Paraibano","Catolé do Rocha",0.6220872,"INDICADOR_201"
"1284",2011,"Sertão Paraibano","Itaporanga",0.607758,"INDICADOR_201"
"1285",2011,"Sertão Paraibano","Patos",0.601477875,"INDICADOR_201"
"1286",2011,"Sertão Paraibano","Piancó",0.56950875,"INDICADOR_201"
"1287",2011,"Sertão Paraibano","Serra do Teixeira",0.6136293,"INDICADOR_201"
"1288",2011,"Sertão Paraibano","Sousa",0.58105,"INDICADOR_201"
